city_id,name,address,latitude,longitude,safety_score,phone,description
a26978da-4f18-42e6-8949-624d108b6c24,西双版纳云投喜来登大酒店,云投路1号嘎洒镇,21.950782,100.755223,4.7,0691-8991111,该酒店存在服务响应慢及卫生方面的投诉，但未直接提及深夜安保问题或陌生人尾随、半夜敲门的情况。
a26978da-4f18-42e6-8949-624d108b6c24,西双版纳俊豪温德姆酒店,清泉路俊仕苑9幢,22.021058,100.779666,4.7,0691-2158888;19108811888,西双版纳俊豪温德姆酒店存在设计上的安全隐患，且对于住客受伤事件处理流程不够透明。
a26978da-4f18-42e6-8949-624d108b6c24,西双版纳稷泽万达文华度假酒店,迎宾路99号,22.025358,100.765975,4.7,0691-8937777,该酒店整体安全状况良好，但存在部分客人对前台管理和门口接待服务质量的不满。
a26978da-4f18-42e6-8949-624d108b6c24,西双版纳悦莲庄菠萝度假酒店,告庄西双景岱寨F13栋,22.007932,100.814355,4.7,0691-6622666,西双版纳悦莲庄菠萝度假酒店整体安全性较高，但存在少量关于深夜安全和前台管理的负面反馈。
a26978da-4f18-42e6-8949-624d108b6c24,汉庭酒店(西双版纳景洪曼听御花园店),猛勒大道88号,21.99342,100.800534,4.8,0691-8988889,该酒店在住宿体验上存在一些问题，但没有直接证据表明有严重的安全风险。
a26978da-4f18-42e6-8949-624d108b6c24,全季酒店(西双版纳景洪告庄星光夜市店),江北曼斗村居民小组61号,22.010182,100.813137,4.8,0691-6623999;18669188979,基于现有信息，未发现关于深夜周边安保、前台管理不严谨以及陌生人尾随或半夜敲门的具体负面评价。
a26978da-4f18-42e6-8949-624d108b6c24,西双版纳景洪温德姆度假酒店,嘎洒雅居乐,21.924164,100.713705,4.5,0691-2269999;0691-2750777,酒店存在一定的安全风险，尤其是关于深夜周边的安保措施和前台处理问题的方式。
a26978da-4f18-42e6-8949-624d108b6c24,西双版纳福朋喜来登酒店,清泉路22号俊仕苑9幢2单元,22.020752,100.778666,4.5,0691-6729999,该酒店存在一定的安全和服务管理问题，尤其是关于房间清洁度和部分设施的维护情况不佳，但未直接提及深夜周边安保或陌生人尾随等严重安全隐患。
a26978da-4f18-42e6-8949-624d108b6c24,维也纳国际酒店(告庄星光夜市店),勐罕路5号,22.000906,100.835463,4.8,"0691-2729888;0691-2729888,0",基于现有信息，维也纳国际酒店(告庄星光夜市店)在深夜周边安保及前台管理方面表现良好，未发现陌生人尾随或半夜敲门等安全问题的报告。
a26978da-4f18-42e6-8949-624d108b6c24,维也纳酒店(西双版纳景洪市泼水广场店),曼听路曼景兰村71号,21.999807,100.803176,4.7,0691-2779999;19969173336,该酒店存在一定的住宿体验问题，但未发现直接关于深夜安保或前台管理不严谨的重大安全隐患报告。
a26978da-4f18-42e6-8949-624d108b6c24,晖廷云居高空泳池度假酒店(西双版纳告庄西双景星光夜市店),澜沧江路2号附4号,22.013671,100.819394,4.7,0691-6688887,基于现有信息，晖廷云居高空泳池度假酒店在女性旅行安全方面表现较好，未发现明显的安全隐患。
a26978da-4f18-42e6-8949-624d108b6c24,如家商旅酒店(西双版纳景洪泼水广场店),宣慰大道53号,22.008424,100.802096,4.5,19908819550,根据现有信息，如家商旅酒店(西双版纳景洪泼水广场店)在深夜周边安保及前台管理方面表现良好，未发现关于陌生人尾随或半夜敲门的负面记录。
a26978da-4f18-42e6-8949-624d108b6c24,云泊居里酒店(西双版纳景洪告庄西双景星光夜市店),允景洪街道曼斗村旅游巷115号,22.012752,100.81338,4.7,0691-6624777;17387731677,根据现有信息，未发现关于云泊居里酒店(西双版纳景洪告庄西双景星光夜市店)深夜周边安保、前台管理严谨性问题以及陌生人尾随或半夜敲门的具体负面评价。
a26978da-4f18-42e6-8949-624d108b6c24,如家精选酒店(西双版纳星光夜市告庄西双景店),曼外新寨70号,22.009045,100.825447,4.7,0691-2126688;19869521886,根据可获取的信息，该酒店在深夜周边安保、前台管理和防止陌生人尾随或半夜敲门方面表现良好。
a26978da-4f18-42e6-8949-624d108b6c24,汉庭酒店(西双版纳告庄西双景店),曼斗新村,22.010758,100.817837,4.6,0691-2714888;15368631750,该酒店整体评价良好，但存在空调制冷效果不佳和停车场设施维护不足的问题。
a26978da-4f18-42e6-8949-624d108b6c24,柏丽拉度假酒店(西双版纳景洪告庄西双景星光夜市店),曼斗路3号曼斗居民小组122号,22.012442,100.815162,4.6,0691-6629555;15393825399,根据现有信息，未发现有关深夜周边安保、前台管理以及陌生人尾随或半夜敲门的负面评价。
a26978da-4f18-42e6-8949-624d108b6c24,凯里亚德酒店(西双版纳泼水广场曼听公园店),联通路1号,21.996286,100.797725,4.8,0691-8991899,该酒店整体评价良好，但存在少量关于深夜周围环境安全性及前台管理严谨性的负面反馈。
a26978da-4f18-42e6-8949-624d108b6c24,如家精选酒店(西双版纳告庄星光夜市店),江北曼斗新村曼斗路3号,22.013665,100.812156,4.7,0691-6688988;15687075678,"基于当前可用信息,该酒店在深夜周边安保及前台管理方面表现良好,未发现有陌生人尾随或半夜敲门的相关负面记录。"
a26978da-4f18-42e6-8949-624d108b6c24,森淼酒店(西双版纳景洪告庄西双景星光夜市店),告庄3号门旁,22.012043,100.818357,4.6,18869103046,基于当前可获取的信息，森淼酒店(西双版纳景洪告庄西双景星光夜市店)在深夜周边安保、前台管理严谨性方面表现良好，未发现有关陌生人尾随或半夜敲门的安全隐患记录。
a26978da-4f18-42e6-8949-624d108b6c24,R蓉悦酒店(告庄西双景星光夜市店),旅游巷与曼斗路,22.011439,100.813557,4.6,0691-6667777;13578164111,基于现有信息，R蓉悦酒店(告庄西双景星光夜市店)在深夜周边安保及前台管理方面表现良好，未发现关于陌生人尾随或半夜敲门的具体负面评价。
a26978da-4f18-42e6-8949-624d108b6c24,蒙纳度假酒店(西双版纳景洪告庄星光夜市店),告庄西双景景德寨10栋201号,22.009977,100.822014,4.8,0691-3089588;18313229395,未发现关于深夜周边安保、前台管理不严谨或陌生人尾随/半夜敲门的具体负面评价。
a26978da-4f18-42e6-8949-624d108b6c24,西双版纳悦莲庄莲府度假酒店,告庄西双景景真寨31栋,22.004864,100.827676,4.8,0691-6666366,根据现有信息，西双版纳悦莲庄莲府度假酒店在深夜周边安保、前台管理方面表现良好，未发现陌生人尾随或半夜敲门等安全问题。
a26978da-4f18-42e6-8949-624d108b6c24,丽枫酒店(曼贺纳店),曼弄枫社区居民委会曼贺纳居民小组102号附1号1栋101门面,21.974922,100.822885,4.8,0691-6697999;18988130778,根据当前可获取的信息，丽枫酒店(曼贺纳店)在深夜周边安保及前台管理方面表现良好，未发现陌生人尾随或半夜敲门的记录。
a26978da-4f18-42e6-8949-624d108b6c24,纳伽·Y酒店(西双版纳景洪告庄西双景星光夜市店),允景洪街道办事告庄西双景勐罕路景真寨11栋,22.004321,100.82916,4.8,0691-6666660,根据现有信息，未发现关于纳伽·Y酒店(西双版纳景洪告庄西双景星光夜市店)在深夜周边安保、前台管理严谨性以及陌生人尾随或半夜敲门方面的负面评价。
a26978da-4f18-42e6-8949-624d108b6c24,曼悦里酒店(西双版纳景洪告庄西双景星光夜市店),江北街道曼阁社区居委会宣慰大道曼斗路3号曼斗居民小组150号,22.012633,100.815632,4.8,0691-2138977;15388803926,根据现有信息，曼悦里酒店(西双版纳景洪告庄西双景星光夜市店)在深夜周边安保、前台管理方面表现良好，未发现关于陌生人尾随或半夜敲门的安全问题记录。
a26978da-4f18-42e6-8949-624d108b6c24,宜必思酒店(西双版纳孔雀湖店),嘎兰中路2号,22.020699,100.79326,4.8,0691-8989898,基于可获取的信息，未发现关于深夜周边安保、前台管理严谨性问题以及陌生人尾随或半夜敲门的负面记录。
a26978da-4f18-42e6-8949-624d108b6c24,戴斯温德姆酒店(西双版纳景洪融创国际度假区店),雨林路18号4栋,22.022992,100.740957,4.5,0691-8997888;13035970970;18087939333,该酒店整体评价较好，但存在个别关于前台管理和潜在的安全顾虑。
a26978da-4f18-42e6-8949-624d108b6c24,楚梵江景酒店(西双版纳景洪告庄西双景星光夜市店),告庄西双景岱寨E12栋,22.00856,100.812393,4.8,0691-6736688;18088115530,基于现有信息，未发现关于楚梵江景酒店(西双版纳景洪告庄西双景星光夜市店)在深夜周边安保、前台管理严谨性及陌生人尾随或半夜敲门方面的负面评价。
a26978da-4f18-42e6-8949-624d108b6c24,西双版纳景洪湄江岛江景酒店(告庄星光夜市店),曼斗村396号,22.009349,100.811369,4.5,13212314666;19988183112,根据现有信息，未发现该酒店存在明显的深夜周边安保问题、前台管理疏忽或陌生人尾随及半夜敲门的情况。
a26978da-4f18-42e6-8949-624d108b6c24,西双版纳景洪澜岸酒店(告庄星光夜市店),孔雀大道景宰寨6栋4楼,22.008352,100.817306,4.7,0691-2770999,基于当前可获取的信息，西双版纳景洪澜岸酒店(告庄星光夜市店)在深夜周边安保、前台管理方面表现良好，未发现有关陌生人尾随或半夜敲门的负面记录。
a26978da-4f18-42e6-8949-624d108b6c24,艺龙酒店(西双版纳景洪店),景洪江北街道澜沧江路12号-1号,22.021635,100.809774,4.7,0691-8933999,根据现有信息，艺龙安云酒店(西双版纳景洪机场勐泐大佛寺店)在深夜周边安保及前台管理方面表现良好，未发现关于陌生人尾随或半夜敲门的具体负面评价。
a26978da-4f18-42e6-8949-624d108b6c24,凯里亚德酒店(西双版纳景洪勐泐大佛寺曼城店),允景洪街道曼弄金湾B区B6栋601号,21.979045,100.809152,4.7,0691-8933338,根据现有信息，未发现关于深夜周边安保问题、前台管理不严谨或陌生人尾随/半夜敲门的相关负面评价。
a26978da-4f18-42e6-8949-624d108b6c24,西双版纳美度大酒店(傣乡水城店),勐腊路傣乡水城17幢,21.999788,100.787674,4.6,0691-2205600;0691-2768888;13302159128,根据现有信息，西双版纳美度大酒店(傣乡水城店)未显示出明显的安全风险。
a26978da-4f18-42e6-8949-624d108b6c24,喆·啡酒店(西双版纳告庄星光夜市),宣慰大道告庄西双景3期景栋寨1栋,22.01261,100.816214,4.3,0691-2222188,该酒店存在一定的卫生问题和设施老旧现象，但未发现直接关于深夜周边安保、前台管理严谨性或陌生人尾随及半夜敲门的具体负面评价。
a26978da-4f18-42e6-8949-624d108b6c24,如家酒店·neo(西双版纳曼听公园泼水广场店),曼听路2号,22.002792,100.801282,4.6,"0691-2190688;14788067632;0691-2190688,9",基于现有信息，该酒店在深夜周边安保及前台管理方面表现良好，未发现陌生人尾随或半夜敲门的记录。
a26978da-4f18-42e6-8949-624d108b6c24,超越梦想酒店(西双版纳景洪告庄西双景星光夜市店),景洪宣慰大道3号曼斗居民小组116号,22.012773,100.813566,4.5,0691-8988883;18088098172,根据现有信息，未发现关于超越梦想酒店(西双版纳景洪告庄西双景星光夜市店)在深夜周边安保、前台管理严谨性及陌生人尾随或半夜敲门记录方面的负面评价。
a26978da-4f18-42e6-8949-624d108b6c24,西双版纳景洪喜源酒店(曼听公园店),曼景兰社区曼龙匡村民小组308号,21.986912,100.809265,4.7,15388803233;15393918333,基于现有信息，西双版纳景洪喜源酒店(曼听公园店)在深夜周边安保及前台管理方面未发现明显问题，无陌生人尾随或半夜敲门记录报告。
a26978da-4f18-42e6-8949-624d108b6c24,桔子酒店(西双版纳勐泐大佛寺店),曼弄枫街道曼弄枫村委会庄尖路东7号1栋,21.966054,100.819367,4.7,0691-8983999,该酒店整体评价良好，但存在附近施工带来的白天噪音干扰以及轻微的隔音问题。未发现深夜周边安保不足、前台管理不严谨或陌生人尾随/半夜敲门等安全相关负面记录。
a26978da-4f18-42e6-8949-624d108b6c24,西双版纳云归民宿(泼水广场店),滨江大道观澜别墅9栋102号,22.006173,100.807225,4.8,18313240206,该酒店在深夜周边安保及前台管理方面表现良好，但存在轻微的卫生问题反馈。
a26978da-4f18-42e6-8949-624d108b6c24,西双版纳泊悦酒店(告庄星光夜市店),景匡寨一栋14层,22.00928,100.817448,4.7,18988177702,基于现有信息，未发现关于西双版纳泊悦酒店(告庄星光夜市店)深夜周边安保问题、前台管理不严谨或陌生人尾随及半夜敲门的相关负面评价。
a26978da-4f18-42e6-8949-624d108b6c24,如家精选酒店(西双版纳景洪孔雀湖热带花卉园店),么囡路1号,22.004713,100.784046,4.9,0691-2588888,根据现有信息，未发现关于深夜周边安保、前台管理严谨性以及陌生人尾随或半夜敲门的负面评价。
a26978da-4f18-42e6-8949-624d108b6c24,西双版纳景洪鸿云酒店(泼水广场州人民医院店),嘎兰南路12号(州人民医院旁),22.004681,100.801591,4.6,0691-2165776;0691-6635999,根据现有信息，未发现关于深夜周边安保、前台管理不严谨或有陌生人尾随及半夜敲门的具体负面评价。
a26978da-4f18-42e6-8949-624d108b6c24,那蓝朵主题民宿(西双版纳景洪泼水广场江边夜市店),公园大道滨江公馆2幢7楼,22.006934,100.804969,4.8,"18003575313;+861056320612,36620614",基于现有信息，未发现关于那蓝朵主题民宿(西双版纳景洪泼水广场江边夜市店)在深夜周边安保、前台管理严谨性以及陌生人尾随或半夜敲门记录方面的负面评价。
a26978da-4f18-42e6-8949-624d108b6c24,傣园酒店,民航路61号,21.993637,100.791183,4.5,0691-2123888;0691-2130558;0691-2166999,根据现有信息，傣园酒店在深夜周边安保及前台管理方面表现良好，未发现有陌生人尾随或半夜敲门的相关负面评价。
a26978da-4f18-42e6-8949-624d108b6c24,丽怡酒店(西双版纳景洪勐泐大佛寺曼城雨林公园店),勐泐大道曼弄枫村83号2栋,21.971018,100.805523,4.6,0691-8992999;13035999916,基于当前可获取的信息，丽怡酒店(西双版纳景洪勐泐大佛寺雨林健康主题公园店)在旅行安全方面表现较好，未发现关于深夜周边安保问题或陌生人尾随、半夜敲门的负面评价。
a26978da-4f18-42e6-8949-624d108b6c24,夏都度假酒店,榕林大道曼弄金湾A6栋201号,21.977781,100.805857,4.7,19306990887,存在对酒店深夜安全性的担忧以及前台服务质量的不满，但未明确指出陌生人尾随或半夜敲门的具体案例。
a26978da-4f18-42e6-8949-624d108b6c24,如家华驿精选酒店(西双版纳景洪曼听公园店),景洪曼听公园景匡巷12号综合楼一幢,21.991864,100.808884,4.6,19969186707,根据现有信息，该酒店在深夜周边安保及前台管理方面表现良好，未发现陌生人尾随或半夜敲门的记录。
a26978da-4f18-42e6-8949-624d108b6c24,西双版纳景洪金瑞酒店(告庄夜市店),西双版纳傣族自治州曼斗村旅游巷居民小组140号14栋1楼,22.01143,100.814326,4.5,13099628855;19236965755,基于现有信息，西双版纳景洪金瑞酒店(告庄夜市店)在深夜周边安保及前台管理方面表现良好，未发现有陌生人尾随或半夜敲门的相关记录。
a26978da-4f18-42e6-8949-624d108b6c24,如礼金湾酒店(西双版纳景洪告庄西双景星光夜市店),景洪江北曼斗52号,22.012399,100.813405,4.5,0691-2220229;19006917682,基于现有信息，如礼金湾酒店在夜间安全管理和前台服务方面表现良好，未发现明确的陌生人尾随或半夜敲门记录。
a26978da-4f18-42e6-8949-624d108b6c24,五云丰胜酒店(西双版纳景洪告庄星光夜市店),告庄西双景法寨27栋,22.008972,100.824284,4.6,0691-6623333;15393932678,根据现有信息，五云丰胜酒店(西双版纳景洪告庄星光夜市店)在深夜周边安保、前台管理严谨性方面未发现明显负面评价，且无记录显示存在陌生人尾随或半夜敲门的情况。
a26978da-4f18-42e6-8949-624d108b6c24,寰宇曼汀酒店,西双景景岱寨B6栋1楼,22.009569,100.814711,4.7,18088092220,寰宇曼汀酒店在深夜周边安保和前台管理方面存在一些不足，但整体上未发现严重安全问题。
a26978da-4f18-42e6-8949-624d108b6c24,玉见酒店(西双版纳景洪勐泐大佛寺店),西双版纳州度假区管理委员曼弄枫村委会曼养广村30号,21.973152,100.815046,4.9,19087278387;19087279392,基于可获取的信息，玉见酒店(西双版纳景洪勐泐大佛寺店)在深夜周边安保、前台管理方面表现良好，未发现有陌生人尾随或半夜敲门的相关负面评价。
a26978da-4f18-42e6-8949-624d108b6c24,家天下酒店(西双版纳景洪告庄星光夜市店),告庄西双景景栋寨1栋106号,22.012243,100.815744,4.5,18279410666,该酒店存在明显的安全隐患和服务管理问题，需谨慎考虑入住。
a26978da-4f18-42e6-8949-624d108b6c24,西双版纳景洪海逸度假酒店(告庄星光夜市店),勐罕路6号团山老寨7号,21.999531,100.842431,4.3,0691-2589199,该酒店在深夜周边安保方面表现良好，前台管理也得到了住客的认可。未发现关于陌生人尾随或半夜敲门的具体负面评价。
a26978da-4f18-42e6-8949-624d108b6c24,艺龙万国酒店(西双版纳景洪泼水广场店),曼景兰古城17栋102,21.999392,100.809475,4.4,0691-2221819;0691-8995858;15393936579,该酒店整体评价较好，但存在个别关于房间隔音效果差以及设施略显陈旧的负面反馈。
a26978da-4f18-42e6-8949-624d108b6c24,西双版纳景洪美居酒店(曼城公园勐泐大佛寺店),允景洪街道庄尖东路勐泐大佛寺东100米,21.96448,100.809737,4.7,0691-2586666;17708818000,基于现有信息，西双版纳景洪美居酒店(曼城公园勐泐大佛寺店)在深夜周边安保及前台管理方面表现良好，未发现有关陌生人尾随或半夜敲门的负面记录。
a26978da-4f18-42e6-8949-624d108b6c24,西双版纳景洪美凯精品酒店(孔雀湖热带花卉园店),民航路14号,22.005483,100.792587,4.7,0691-8999333;13759283777,未发现关于深夜周边安保问题、前台管理不严谨或陌生人尾随及半夜敲门的相关负面评价。
a26978da-4f18-42e6-8949-624d108b6c24,轻住·纳里度假酒店,万达国际度假区6期38栋,22.02284,100.754702,4.6,0691-2562222,根据现有信息，未发现关于轻住·纳里度假酒店存在深夜周边安保问题、前台管理不严谨或陌生人尾随/半夜敲门的负面评价。
a26978da-4f18-42e6-8949-624d108b6c24,双欣商务酒店(告庄星光夜市店),曼斗村104号,22.013178,100.811571,4.4,15817845158,该酒店存在一些关于深夜周边安全和前台管理严谨性的负面反馈，但没有直接提到陌生人尾随或半夜敲门的具体案例。
a26978da-4f18-42e6-8949-624d108b6c24,泰纳园·红木艺术传承·HolidayVilla民宿(嘎洒机场泼水广场店),允景洪街道办事大沙坝世纪金源乾江苑101栋,21.994006,100.819294,4.8,13578156625,基于当前可获取的信息，未发现关于深夜周边安保问题、前台管理不严谨或陌生人尾随及半夜敲门的负面反馈。
a26978da-4f18-42e6-8949-624d108b6c24,有家精品民宿(西双版纳景洪泼水广场店),勐海路王府广场1栋11层,22.004064,100.804423,4.2,"15393806676;+861056320612,32133580",该酒店在安全方面未见明显负面评价，但存在个别住客对房间清洁度及服务态度的不满。
a26978da-4f18-42e6-8949-624d108b6c24,西双版纳私寓度假酒店(告庄星光夜市店),景洪告庄西双景景宰寨39-1栋西塔,22.008495,100.816082,4.7,13604516152,根据可获取的信息，西双版纳私寓度假酒店(告庄星光夜市店)在深夜周边安保、前台管理严谨性方面未发现明显问题，没有提及陌生人尾随或半夜敲门的情况。
a26978da-4f18-42e6-8949-624d108b6c24,活发大酒店,勐龙路8号,21.999645,100.801032,4.3,0691-2166168;0691-2166888,基于现有信息，活发大酒店在深夜周边安保及前台管理方面表现良好，未发现明显的安全问题报告。
a26978da-4f18-42e6-8949-624d108b6c24,西双版纳景洪东南苑酒店(曼听公园总佛寺店),坝吉路15号,21.988161,100.805301,4.6,0691-2480888,根据现有信息，西双版纳景洪东南苑酒店(曼听公园总佛寺店)在深夜周边安保、前台管理方面表现良好，未发现有关陌生人尾随或半夜敲门的安全隐患报告。
a26978da-4f18-42e6-8949-624d108b6c24,有家精品度假民宿(告庄店),俊发滨江公园3栋1楼102号,22.003575,100.832384,4.7,"15393931772;+861056320612,16148944",未找到关于有家精品度假民宿(告庄店)的深夜周边安保问题、前台管理不严谨或陌生人尾随及半夜敲门的相关负面评价。
a26978da-4f18-42e6-8949-624d108b6c24,桔子酒店(西双版纳告庄西双景星光夜市店),曼斗社区居委会曼斗村58号,22.009925,100.81258,4.7,0691-6679999;17787036999,根据现有信息，未发现关于深夜周边安保问题、前台管理不严谨或陌生人尾随及半夜敲门的负面评价。
a26978da-4f18-42e6-8949-624d108b6c24,安梦民宿,宣慰大道精尚傣味米线混沌东30米,22.013425,100.817525,4.8,"18088094354;+861056320612,46768678",存在深夜周边安保不足、前台管理不严谨的问题，以及有陌生人尾随或半夜敲门的记录。
a26978da-4f18-42e6-8949-624d108b6c24,泡泡酒店(星光夜市店),宣慰大道13号,22.013437,100.816802,4.7,19106911177,未找到关于泡泡酒店(星光夜市店)的相关负面评价，特别是针对深夜周边安保、前台管理严谨性及陌生人尾随或半夜敲门记录的信息。
a26978da-4f18-42e6-8949-624d108b6c24,溶泽民宿(西双版纳景洪市勐泐大道曼城店),曼城A10栋,21.974628,100.804133,4.6,15894356325,该民宿在深夜安保方面没有明显负面反馈，但有提及临街位置较吵闹可能影响睡眠质量。
a26978da-4f18-42e6-8949-624d108b6c24,烟雨居影院度假酒店(西双版纳告庄星光夜市店),宣慰大道11号曼时光小区1栋10楼14楼,22.013296,100.817132,4.9,18088100830,基于当前信息，烟雨居影院度假民宿在深夜周边安保、前台管理方面表现良好，未发现有关陌生人尾随或半夜敲门的安全隐患报告。
a26978da-4f18-42e6-8949-624d108b6c24,澜季酒店(告庄西双景星光夜市店),曼斗村61号附4号楼1楼,22.010187,100.813045,4.3,15087685035;18587019880,未发现关于澜季酒店(告庄西双景星光夜市店)在深夜周边安保、前台管理严谨性以及陌生人尾随或半夜敲门方面的负面评价。
a26978da-4f18-42e6-8949-624d108b6c24,西双版纳景洪世豪酒店(告庄星光夜市店),澜沧江路3号,22.013636,100.821225,4.7,0691-2121988,该酒店存在多处安全隐患和服务问题，特别是前台响应不及时以及清洁状况令人担忧。
a26978da-4f18-42e6-8949-624d108b6c24,景洪邦海大酒店,嘎兰中路74号,22.014853,100.799233,4.4,0691-2580333,景洪邦海大酒店在深夜周边安保和前台管理方面表现良好，但存在个别关于房间安排及设施质量的负面反馈。
a26978da-4f18-42e6-8949-624d108b6c24,西双版纳景洪宜泰酒店(嘎洒国际机场店),曼暖龙新村68号,21.978333,100.776193,4.6,0691-2732333;13987770808,根据现有信息，西双版纳景洪宜泰酒店(嘎洒国际机场店)在深夜周边安保和前台管理方面未发现明显问题，没有提及陌生人尾随或半夜敲门的情况。
a26978da-4f18-42e6-8949-624d108b6c24,锦怡大酒店,菩提大道曼弄枫旅游度假区(新傣医院对面),21.967152,100.791497,4.5,13618819284,未发现关于深夜周边安保、前台管理以及陌生人尾随或半夜敲门的相关负面评价。
a26978da-4f18-42e6-8949-624d108b6c24,西双版纳景洪百来缘民宿(告庄西双景星光夜市店),曼泐路131号澜江悦2单元,22.010696,100.815081,4.8,15393931280;15920826480,根据现有信息，西双版纳景洪百来缘民宿(告庄西双景星光夜市店)在安全方面表现良好，没有发现深夜周边安保问题、前台管理不严谨或陌生人尾随及半夜敲门的记录。
a26978da-4f18-42e6-8949-624d108b6c24,景洪拾宿酒店(告庄双景星光夜市店),曼斗村165号,22.013638,100.813456,4.5,13738766903,基于当前信息，景洪拾宿酒店(告庄双景星光夜市店)在深夜周边安保、前台管理方面表现良好，未发现有关陌生人尾随或半夜敲门的安全隐患报告。
a26978da-4f18-42e6-8949-624d108b6c24,越和民宿(西双版纳景洪告庄西双景星光夜市店),孔雀城A1号楼6单元1526号,22.009373,100.812066,4.6,17787561193,越和民宿在深夜周边安保及前台管理方面存在轻微隐患，但未发现严重的陌生人尾随或半夜敲门记录。
a26978da-4f18-42e6-8949-624d108b6c24,安之若素民宿(告庄西双景星光夜市店),曼泐路131号澜江悦1单元605号,22.010716,100.814721,4.8,15211942479,未发现关于深夜周边安保问题、前台管理不严谨或陌生人尾随/半夜敲门的相关负面评价。
a26978da-4f18-42e6-8949-624d108b6c24,西双版纳景洪云际酒店(泼水广场店),曼景兰一巷270号,22.001774,100.802512,4.4,0691-2200155,基于现有信息，未发现关于西双版纳景洪云际酒店(泼水广场店)在深夜周边安保、前台管理严谨性以及陌生人尾随或半夜敲门方面存在明显风险的负面评价。
a26978da-4f18-42e6-8949-624d108b6c24,漫杰森酒店(勐泐大佛寺店),西双版纳州度假区庄董西路18号22栋(中国普洱茶文旅中心),21.96731,100.801877,4.6,0691-6688555,未发现关于深夜周边安保、前台管理不严谨或陌生人尾随及半夜敲门的具体负面评价。
a26978da-4f18-42e6-8949-624d108b6c24,海岸酒店(西双版纳景洪告庄西双景星光夜市店),宣慰大道11号曼时光1栋1楼,22.014029,100.81727,4.8,0691-2211567;19988182567,未发现关于深夜周边安保问题、前台管理不严谨或陌生人尾随及半夜敲门的负面记录。
a26978da-4f18-42e6-8949-624d108b6c24,西双版纳国投会展酒店,勐泐大道曼弄枫国际会展中心,21.977051,100.807185,4.3,0691-2152222,基于现有信息，西双版纳国投会展酒店未发现明显的深夜周边安保问题、前台管理不严谨以及陌生人尾随或半夜敲门的情况。
a26978da-4f18-42e6-8949-624d108b6c24,西双版纳景洪纳象谷民宿(告庄西双景星光夜市店),宣慰大道曼斗路3号曼斗居民小组122号附1号,22.012211,100.81462,4.8,18988148787,未发现与深夜周边安保、前台管理严谨性以及陌生人尾随或半夜敲门相关的负面评价。
a26978da-4f18-42e6-8949-624d108b6c24,有家精品民宿(告庄星光夜市店),告庄西双景景匡寨9栋30层3003室,22.010601,100.815667,4.7,"19988181192;+861056320612,3511838",根据现有信息，有家精品民宿(告庄星光夜市店)在旅行安全方面表现良好，未发现严重安全隐患。
a26978da-4f18-42e6-8949-624d108b6c24,有家精品民宿(大佛寺店),曼弄枫曼城A7栋909,21.975477,100.804185,4.7,19969180128,未发现关于深夜周边安保、前台管理严谨性问题及陌生人尾随或半夜敲门的负面评价。
a26978da-4f18-42e6-8949-624d108b6c24,景洪天鹅酒店,曼景兰村曼听路一巷,22.001317,100.802119,3.9,0691-2195666;15331772508;15368638881,未找到关于景洪天鹅酒店在深夜周边安保、前台管理严谨性以及陌生人尾随或半夜敲门记录方面的负面评价。
a26978da-4f18-42e6-8949-624d108b6c24,溶泽民宿(告庄西双景星光夜市店),宣慰大道9号黎都盛景2号楼26层2601,22.01299,100.817729,4.6,"13911338303;15894350126;+861056320612,46984447",溶泽民宿(告庄西双景星光夜市店)整体安全状况良好，但需注意临街噪音可能影响休息。
a26978da-4f18-42e6-8949-624d108b6c24,实景民宿(西双版纳景洪澜沧江店),傣泐金湾品江苑2栋1721室,22.023111,100.799361,4.8,13818442166,基于现有信息，实景民宿(西双版纳景洪澜沧江店)在深夜周边安保及前台管理方面未发现明显风险。
a26978da-4f18-42e6-8949-624d108b6c24,西双版纳泊心酒店(告庄景区星光夜市店),景宰寨1栋,22.010108,100.815658,4.6,0691-2228686,未发现关于深夜周边安保问题、前台管理不严谨或陌生人尾随及半夜敲门的负面记录。
a26978da-4f18-42e6-8949-624d108b6c24,景洪艾菲尔酒店,曼景兰古城14栋10号,21.999181,100.808837,4.4,0691-6788899;18988179699,景洪艾菲尔酒店整体安全状况良好，但存在个别关于深夜周边环境及前台服务的负面反馈。
a26978da-4f18-42e6-8949-624d108b6c24,曼斗商务酒店(西双版纳景洪告庄星光夜市店),江北曼泐路与曼斗旅游巷交汇处,22.012056,100.815397,4.1,0691-8997900;15393935137,基于现有信息，曼斗商务酒店(西双版纳景洪告庄星光夜市店)在深夜周边安保及前台管理方面表现良好，未发现关于陌生人尾随或半夜敲门的负面记录。
a26978da-4f18-42e6-8949-624d108b6c24,木易民宿(告庄西双景星光夜市店),勐罕路告庄西双景景德寨10栋,22.009616,100.822138,4.7,"15812163984;+861056320612,48143425",根据现有信息，未发现关于木易民宿(告庄西双景星光夜市店)在深夜周边安保、前台管理以及陌生人尾随或半夜敲门方面存在显著风险。
a26978da-4f18-42e6-8949-624d108b6c24,凯轩度假酒店(告庄星光夜市店),曼泐路18号,22.011552,100.815739,4.1,0691-2290088;0691-2291088;18008815521,根据当前可获取的信息，未发现关于凯轩度假酒店(告庄星光夜市店)深夜周边安保问题、前台管理不严谨或陌生人尾随及半夜敲门的负面记录。
a26978da-4f18-42e6-8949-624d108b6c24,百姓民宿(庄洪路1号分店),庄洪路玖沐·公馆玖沐公馆,22.011938,100.794655,4.8,"+861056320612,37529",该民宿存在一定的安全隐患和服务质量问题，尤其是关于深夜噪音的问题较为突出。
a26978da-4f18-42e6-8949-624d108b6c24,品诺酒店(曼听公园店),鑫盛时代广场,21.993025,100.802825,4.6,18849611330,根据现有信息，品诺酒店(曼听公园店)在深夜周边安保和前台管理方面表现良好，未发现关于陌生人尾随或半夜敲门的具体负面评价。
a26978da-4f18-42e6-8949-624d108b6c24,西双版纳景洪市晨光酒店(泼水广场店),允景洪街道办事曼景兰社区居委会曼听路曼景兰村50号,22.001744,100.80193,4.2,15393837954,根据现有信息，西双版纳景洪市晨光酒店(泼水广场店)未发现明显的安全问题报告。
a26978da-4f18-42e6-8949-624d108b6c24,景洪双悦温泉酒店(西双版纳景洪大佛寺店),西利盟路1号玖沐雨林小区A2栋1层商铺142号,21.965551,100.811948,4.5,19087274661,根据现有信息，未发现有关深夜周边安保、前台管理不严谨或陌生人尾随/半夜敲门的负面评价。
a26978da-4f18-42e6-8949-624d108b6c24,西双版纳椰林度假酒店,旅游度假区曼弄枫村9号,21.973224,100.804067,4.4,0691-3089999,该酒店存在显著的服务质量问题，包括房间清洁度欠佳及餐饮体验不佳等，但未直接发现关于深夜安保或前台管理的严重负面反馈。
a26978da-4f18-42e6-8949-624d108b6c24,飞桐民宿(告庄西双景星光夜市店),告庄西双景景栋寨一栋1306室,22.012432,100.815987,4.7,"13810508582;+861056320612,31682611",基于现有信息，飞桐民宿(告庄西双景星光夜市店)在深夜周边安保及前台管理方面表现良好，未发现陌生人尾随或半夜敲门的相关记录。
a26978da-4f18-42e6-8949-624d108b6c24,飞桐民宿(告庄西双景星光夜市店),告庄西双景景栋寨一栋1306室,22.012432,100.815987,4.7,"13810508582;+861056320612,31682611",基于现有信息，飞桐民宿(告庄西双景星光夜市店)在深夜周边安保及前台管理方面表现良好，未发现有陌生人尾随或半夜敲门的相关负面评价。
a26978da-4f18-42e6-8949-624d108b6c24,西双版纳热土酒店(民族风情园店),民航路39号,21.997765,100.794021,4.5,0691-8991177,西双版纳热土酒店(民族风情园店)整体安全状况良好，但存在设施陈旧和部分住客对餐饮不满的情况。
a26978da-4f18-42e6-8949-624d108b6c24,江景嘉驿民宿(告庄星光夜市店),勐罕路滨江俊园小区-5号楼俊发滨江俊园,22.003165,100.833215,4.8,"13834605154;13903415320;+861056320612,29602939",该酒店在安全方面存在一些需要改进的地方，特别是关于深夜的安全管理和前台的严谨性。
a26978da-4f18-42e6-8949-624d108b6c24,石宝酒店,告庄西双景景德寨16幢127号,22.009656,100.821976,4.1,0691-2260999,石宝商务大酒店(告庄店)在深夜周边安保和前台管理方面未见明显问题报告，但存在噪音干扰的问题。
a26978da-4f18-42e6-8949-624d108b6c24,吉美度假酒店(西双版纳景洪泼水广场店),勐海路曼景兰村6号,22.003507,100.804756,4.6,13759260072,基于现有信息，吉美度假酒店(西双版纳景洪泼水广场店)在旅行安全方面表现良好，未发现深夜周边安保问题、前台管理疏忽或陌生人骚扰的记录。
a26978da-4f18-42e6-8949-624d108b6c24,景洪静心佳园酒店(曼听公园总佛寺店),坝吉路21号,21.98834,100.804819,4.6,13578119522;18988187771,根据当前可获取的信息，没有发现关于景洪静心佳园酒店(曼听公园总佛寺店)的负面评价涉及到深夜周边安保问题、前台管理不严谨或陌生人尾随及半夜敲门的情况。
a26978da-4f18-42e6-8949-624d108b6c24,景洪轩阁民宿(曼听公园店),勐养路8号鑫盛·时代D栋8楼,21.99266,100.802686,4.8,13608783903,未找到关于深夜周边安保问题、前台管理不严谨或陌生人尾随及半夜敲门的负面评价。
a26978da-4f18-42e6-8949-624d108b6c24,亚标酒店(星光夜市店),宣慰大道26号附1号宣景巷19号,22.015903,100.814169,4.5,0691-3088468;13170545826,"基于当前可获取的信息,亚标酒店(星光夜市店)在深夜周边安保、前台管理方面表现良好,未发现有关陌生人尾随或半夜敲门的具体负面评价。"
a26978da-4f18-42e6-8949-624d108b6c24,西双版纳水云阁度假酒店(告庄星光夜市店),宣慰大道,22.011957,100.818999,4.1,0691-2225077;18869108967,根据现有信息，未发现关于西双版纳水云阁度假酒店(告庄星光夜市店)在深夜周边安保、前台管理严谨性及陌生人尾随或半夜敲门记录方面的负面评价。
a26978da-4f18-42e6-8949-624d108b6c24,景洪暹罗酒店,玉鑫宾馆北门旁,22.012516,100.814645,4.7,0691-2226599,基于当前可获取的信息，景洪暹罗酒店在安全方面表现良好，未发现深夜周边安保问题、前台管理松懈或陌生人尾随及半夜敲门等负面评价。
a26978da-4f18-42e6-8949-624d108b6c24,祥玖大酒店(西双版纳曼听公园店),曼听路46号曼听村91,21.995594,100.806987,4.3,0691-8996222;18849608391,根据现有信息，祥玖大酒店(西双版纳曼听公园店)整体上评价较好，但存在关于深夜周边安保和前台服务的少量负面反馈。
a26978da-4f18-42e6-8949-624d108b6c24,景洪雨林大酒店,景亮路1号,22.017269,100.807672,4.1,0691-2262888,根据现有信息，未发现景洪雨林大酒店存在严重的安全问题报告。
a26978da-4f18-42e6-8949-624d108b6c24,星玥酒店(曼听公园店),曼龙匡161号9楼,21.98753,100.808395,4.7,15912796081,基于现有信息，星玥酒店(曼听公园店)在深夜周边安保、前台管理和防止陌生人尾随或半夜敲门方面表现良好。
a26978da-4f18-42e6-8949-624d108b6c24,景洪沙拉酒店,勐罕镇曼岗井68号(近傣族园风景区),21.853746,100.929132,4.7,0691-2411878,根据现有信息，景洪沙拉酒店在深夜周边安保和前台管理方面未发现明显负面评价，没有记录显示有陌生人尾随或半夜敲门的情况。
a26978da-4f18-42e6-8949-624d108b6c24,里山民宿(西双版纳景洪告庄店),勐罕路7号观澜豪庭7-6号,22.00149,100.838691,5.0,17708814279,里山民宿(西双版纳景洪告庄店)整体安全状况良好，但在深夜周边安保和前台管理方面存在一定的改进空间。
a26978da-4f18-42e6-8949-624d108b6c24,景洪交通宾馆,勐泐大道16号,22.015375,100.795626,3.7,0691-2124005;13887919449,未发现关于景洪交通宾馆在深夜周边安保、前台管理严谨性以及陌生人尾随或半夜敲门方面的负面评价。
a26978da-4f18-42e6-8949-624d108b6c24,西双版纳清禾酒店(告庄星光夜市店),告庄西双景保寨13栋116号,22.010636,100.819201,4.4,0691-2520777,根据现有信息，西双版纳清禾酒店(告庄星光夜市店)在深夜周边安保、前台管理方面表现良好，未发现陌生人尾随或半夜敲门的相关记录。
a26978da-4f18-42e6-8949-624d108b6c24,中亚酒店(告庄西双景店),宣慰大道7号,22.012783,100.818767,4.1,0691-2222311,基于现有信息，中亚酒店(告庄西双景店)在深夜周边安保、前台管理和防止陌生人尾随或半夜敲门方面表现良好，未发现明显的安全隐患。
a26978da-4f18-42e6-8949-624d108b6c24,景洪美纳民宿(告庄星光夜市店),允景洪街道办事告庄西双景景德寨10幢435号,22.009658,100.822143,4.6,"19969116521;+861056320612,34812640",基于当前可获取的信息，未发现关于景洪美纳民宿(告庄星光夜市店)在深夜周边安保、前台管理严谨性及陌生人尾随或半夜敲门方面的负面评价。
a26978da-4f18-42e6-8949-624d108b6c24,阳光公寓酒店(孔雀湖店),嘎兰中路65号黎明万象商住楼11层,22.008524,100.800049,4.3,0691-8930111;18849930177,阳光公寓酒店(孔雀湖店)存在一定的安全风险，特别是在深夜周边安保和前台管理严谨性方面。
a26978da-4f18-42e6-8949-624d108b6c24,百姓民宿(勐海路4号分店),勐海路21号王府广场,22.005142,100.803891,4.7,"+861056320612,37529;021-26137886,37529",酒店整体上获得正面评价，但存在关于深夜周边安保及前台服务态度的负面反馈。
a26978da-4f18-42e6-8949-624d108b6c24,四月繁星民宿,允景街道办事处曼景兰社区居委会72号,21.998897,100.80452,4.3,19108816686,该民宿存在一定的管理问题和服务质量不佳的情况，但未直接发现深夜周边安保、前台管理严谨性及陌生人尾随或半夜敲门的具体负面评价。
a26978da-4f18-42e6-8949-624d108b6c24,橘子酒店(傣族园店),勐罕镇曼景匡村委会113号,21.852931,100.921404,4.7,18313240758,该酒店存在一定的卫生与设施维护问题，但未见严重安全相关投诉。
a26978da-4f18-42e6-8949-624d108b6c24,大连酒店(景洪通购店),勐龙路10号,21.997973,100.801271,3.5,0691-2130999,该酒店在安全方面表现尚可，但存在一定的夜间噪音问题，且有住客反馈深夜周边环境略显安静可能导致安全感不足。
a26978da-4f18-42e6-8949-624d108b6c24,安之酒店(告庄西双景曼阁市场店),江北街道曼阁社区居委会景亮路208号1栋02室,22.0154,100.809421,4.5,19278878008,根据现有信息，安之酒店(告庄西双景曼阁市场店)在深夜周边安保和前台管理方面表现良好，但存在个别住客对某些安全管理细节的担忧。
a26978da-4f18-42e6-8949-624d108b6c24,锦程源酒店(星光夜市店),勐罕路告庄西双景景真寨1栋13层,22.00516,100.828506,4.2,15763370300,该酒店存在较为严重的夜间噪音问题，且有住客反映房间清洁度不佳和服务态度冷漠的问题。
a26978da-4f18-42e6-8949-624d108b6c24,贝壳酒店(西双版纳告庄星光夜市店),宣慰大道25号附1号21号楼,22.015861,100.814352,4.6,15331770321;18088968691,根据现有信息，西双版纳景洪贝壳酒店(告庄西双景店)在深夜周边安保及前台管理方面表现良好，未发现陌生人尾随或半夜敲门的记录。
a26978da-4f18-42e6-8949-624d108b6c24,景洪且居民宿(民族风情园店),勐海路29号王府广场1栋3楼322室,22.00437,100.804343,4.8,13327812247;18662251561,未发现关于深夜周边安保问题、前台管理疏忽或陌生人尾随/半夜敲门的负面评价。
a26978da-4f18-42e6-8949-624d108b6c24,云端庭院民宿(曼贺纳自然村寨店),曼弄枫村委会曼贺纳村76号附3号,21.970594,100.826749,4.9,"19008813233;+861056320612,47092804",基于现有信息，云端庭院民宿(曼贺纳自然村寨店)在深夜周边安保、前台管理严谨性方面表现良好，未发现有关陌生人尾随或半夜敲门的具体负面评价。
a26978da-4f18-42e6-8949-624d108b6c24,永琦大酒店,曼听小寨路口(蜂鸟KTV对面),21.992619,100.804633,3.8,0691-3013555;18869108798,未能找到关于永琦大酒店的具体负面评价信息，特别是关于深夜周边安保、前台管理严谨性以及陌生人尾随或半夜敲门的记录。
a26978da-4f18-42e6-8949-624d108b6c24,景洪归心民宿(勐泐大佛寺店),曼弄枫度假区曼城A9-109,21.97508,100.803939,4.8,18088032525,未找到关于景洪归心民宿(勐泐大佛寺店)的直接负面评价，特别是关于深夜周边安保、前台管理和陌生人尾随或半夜敲门的具体问题。
a26978da-4f18-42e6-8949-624d108b6c24,景洪连运度假酒店(告庄星光夜市店),勐泐路16号,22.011883,100.815917,4.1,0691-2200289;0691-2200725,基于现有信息，未发现关于景洪连运度假酒店(告庄星光夜市店)在深夜周边安保、前台管理和陌生人尾随或半夜敲门方面的负面记录。
a26978da-4f18-42e6-8949-624d108b6c24,沧江悦民宿(告庄星光夜市店),曼泐路131号澜江悦1栋1单元1301室,22.010695,100.814952,4.6,14788061521,根据现有信息，未发现关于深夜周边安保、前台管理以及陌生人尾随或半夜敲门的负面评价。
a26978da-4f18-42e6-8949-624d108b6c24,桉瑞晓筑民宿,广电路9号国税局小区8栋,21.99394,100.785918,4.8,17787577280,根据现有信息，桉瑞晓筑民宿在深夜周边安保、前台管理方面表现良好，未发现有陌生人尾随或半夜敲门的相关记录。
a26978da-4f18-42e6-8949-624d108b6c24,如家快捷酒店(西双版纳勐泐大道联通路店),勐泐大道联通路2号,21.996399,100.798198,4.1,0691-8987222,未找到关于深夜周边安保问题、前台管理不严谨或陌生人尾随及半夜敲门的负面评价。
a26978da-4f18-42e6-8949-624d108b6c24,西双版纳景洪缘缘堂民宿(大佛寺店),旅游度假区岭秀映象A1幢22号,21.959928,100.802681,4.9,0691-2151222,该民宿存在一定的卫生和服务管理问题，但未见直接提及深夜安保或陌生人骚扰的具体案例。
a26978da-4f18-42e6-8949-624d108b6c24,Easy电竞民宿(告庄店),宣慰大道9号黎都盛景1号楼2008室,22.013536,100.817633,4.9,"15308812124;15887602124;+861056320612,48497458",根据现有信息，Easy电竞民宿(告庄店)在深夜周边安保和前台管理方面表现良好，未发现有关陌生人尾随或半夜敲门的负面评价。
a26978da-4f18-42e6-8949-624d108b6c24,鸿达宾馆(告庄星光夜市店),宣慰大道38号,22.013464,100.814519,4.2,0691-2222796,基于现有信息，鸿达宾馆(告庄星光夜市店)在深夜周边安保、前台管理和陌生人尾随或半夜敲门记录方面表现良好。
a26978da-4f18-42e6-8949-624d108b6c24,景洪江岸阳光民宿(观礼台店),滨江大道观礼巷23号,22.011663,100.802556,4.6,19087279725;19087279762,该酒店存在一定的安全隐患，包括深夜周边环境和前台管理方面的问题。
a26978da-4f18-42e6-8949-624d108b6c24,金亮宾馆,景亮路74号,22.025245,100.796524,4.2,0691-2221304;13578113988,根据现有信息，金亮宾馆在深夜周边安保、前台管理方面表现良好，没有发现陌生人尾随或半夜敲门的记录。
a26978da-4f18-42e6-8949-624d108b6c24,景洪江岸阳光民宿(观礼台店),滨江大道观礼巷23号,22.011663,100.802556,4.6,19087279725;19087279762,该酒店存在一定的安全风险，包括周边安保不足及前台服务管理上的疏漏。
a26978da-4f18-42e6-8949-624d108b6c24,金亮宾馆,景亮路74号,22.025245,100.796524,4.2,0691-2221304;13578113988,根据现有信息，没有发现关于金亮宾馆深夜周边安保问题、前台管理不严谨或陌生人尾随及半夜敲门的负面记录。
a26978da-4f18-42e6-8949-624d108b6c24,芒果御园酒店(景洪曼听公园店),曼听路曼听大寨54号,21.994527,100.808104,4.3,0691-2156868;13759296128,未发现关于深夜周边安保、前台管理严谨性以及陌生人尾随或半夜敲门的安全相关负面评价。
a26978da-4f18-42e6-8949-624d108b6c24,悦凯智能酒店(景洪市曼听公园店),曼听路46号曼听村民小组307号,21.996488,100.809035,4.5,0691-2267788,基于现有信息，未发现关于悦凯智能酒店(景洪市曼听公园店)在深夜周边安保、前台管理严谨性以及陌生人尾随或半夜敲门方面的负面评价。
a26978da-4f18-42e6-8949-624d108b6c24,水云间民宿(菩提大道分店),林语庄园贝叶苑B1202,21.974647,100.785463,4.7,18787979666,未发现关于深夜周边安保、前台管理不严谨或陌生人尾随/半夜敲门的具体负面评价。
a26978da-4f18-42e6-8949-624d108b6c24,长盛酒店,勐罕镇曼匡村委会勐罕路曼景匡村小组53号,21.854475,100.919325,4.8,13378810085,未发现关于长盛酒店（西双版纳告庄西双景店）的负面评价提及深夜周边安保问题、前台管理不严谨或陌生人尾随及半夜敲门的情况。
a26978da-4f18-42e6-8949-624d108b6c24,克莱宿民宿(西双版纳景洪曼听公园店),坝吉路161号,21.987558,100.808357,4.6,13578410548,根据现有信息，克莱宿民宿(西双版纳景洪曼听公园店)未发现明显的安全问题报告。
a26978da-4f18-42e6-8949-624d108b6c24,四季茶乡假日酒店(西双版纳泼水广场店),勐海路55号泼水广场对面1栋2-5楼,22.000245,100.806146,3.7,0691-8986898;13887933796,基于现有信息，四季茶乡假日酒店(西双版纳泼水广场店)在女性旅行者安全方面表现较好，没有明确记录显示存在深夜陌生人尾随或半夜敲门的情况。
a26978da-4f18-42e6-8949-624d108b6c24,西双版纳一佳大酒店(泼水广场店),勐海路47号,22.001357,100.805693,4.4,18288008847,酒店整体安全状况良好，但有客人反馈房间内出现过蟑螂。
a26978da-4f18-42e6-8949-624d108b6c24,十五号民宿(曼景兰古城店),允景洪街道办事处曼景兰古城155号,21.999463,100.808704,4.5,13378814221,该酒店在深夜安保方面表现良好，但存在部分关于夜市噪音的投诉以及前台响应速度较慢的情况。
a26978da-4f18-42e6-8949-624d108b6c24,穆兰居民宿(星光夜市店),宣慰大道告庄西双景景勐寨1栋103号,22.009613,100.820189,4.7,0691-2299327;18088965124,穆兰居民宿(星光夜市店)存在一定的安全风险，尤其是关于深夜周边安保和前台对入住者的管理方面。
a26978da-4f18-42e6-8949-624d108b6c24,有米民宿(告庄西双景星光夜市店),曼泐路131号澜江悦一单元12层,22.010694,100.81498,4.7,18669186367,未找到关于深夜周边安保、前台管理以及陌生人尾随或半夜敲门的具体负面评价。
a26978da-4f18-42e6-8949-624d108b6c24,凤栖花间民宿(嘎洒店),嘎洒镇曼景保村134号,21.952275,100.773525,4.9,0691-2466811,根据现有的信息，没有发现关于凤栖花间民宿(嘎洒店)深夜周边安保、前台管理严谨性以及陌生人尾随或半夜敲门的具体负面评价。
a26978da-4f18-42e6-8949-624d108b6c24,西双版纳曼绮尼酒店,曼听路22号曼景兰居民小组75号A栋,21.998841,100.804516,4.0,0691-2218568;18206937127,根据现有信息，西双版纳曼绮尼酒店的整体安全性较好，但存在个别住客对于深夜周边环境的安全性以及前台服务效率的担忧。
a26978da-4f18-42e6-8949-624d108b6c24,盛昌酒店(西双版纳告庄西双景店),曼斗大门口左转直行50左侧,22.013663,100.812425,4.4,18088058803;18988195998,基于当前可获取的信息，盛昌酒店(西双版纳告庄西双景店)在深夜周边安保、前台管理方面表现良好，未发现陌生人尾随或半夜敲门等安全问题的相关报告。
a26978da-4f18-42e6-8949-624d108b6c24,米乐宾馆(西双版纳勐泐大佛寺店),勐泐大道曼弄枫曼城A6栋11楼,21.975887,100.804106,4.4,18545159000,根据现有信息，米乐宾馆(西双版纳勐泐大佛寺店)在深夜周边安保和前台管理方面表现良好，但未找到直接关于陌生人尾随或半夜敲门的具体记录。
a26978da-4f18-42e6-8949-624d108b6c24,西双版纳景洪徽韵民宿(告庄星光夜市店),宣慰大道告庄西双景景栋寨10栋401号,22.01182,100.819006,4.2,0691-8999521;15608810921,"根据现有信息,西双版纳景洪徽韵民宿(告庄星光夜市店)在深夜周边安保及前台管理方面表现良好,未发现陌生人尾随或半夜敲门的记录。"
a26978da-4f18-42e6-8949-624d108b6c24,西双版纳万福宾馆,勐泐大道24号近西双版纳热带花卉园,22.011673,100.795355,4.3,0691-2137163;13657474518,西双版纳万福宾馆整体评价较好，但存在一定的安全隐患。
a26978da-4f18-42e6-8949-624d108b6c24,西双版纳彩云之龙酒店(告庄西双景星光夜市店),曼泐路18号,22.011497,100.815841,4.6,0691-2728880;18088119239,根据当前可获取的信息，未发现有关西双版纳彩云之龙酒店(告庄西双景星光夜市店)存在深夜周边安保问题、前台管理不严谨或陌生人尾随及半夜敲门的负面评价。
a26978da-4f18-42e6-8949-624d108b6c24,有家精品民宿(保利店),保利雨林澜山4期,21.98197,100.832539,4.6,"+861056320612,16148944",基于现有信息，未发现关于深夜周边安保问题、前台管理不严谨或陌生人尾随及半夜敲门的负面评价。
a26978da-4f18-42e6-8949-624d108b6c24,曼悦酒店(傣族园店),勐罕镇傣园路曼景匡村曼么罕22号(近傣族园景区),21.850948,100.923959,4.5,0691-2206777,根据现有信息，曼悦酒店(傣族园店)在深夜周边安保及前台管理方面表现良好，未发现陌生人尾随或半夜敲门等安全问题的记录。
a26978da-4f18-42e6-8949-624d108b6c24,118酒店(泼水广场店),受景兰社区居委会景洪宣慰大道118号华信首座3楼,22.005511,100.793265,4.0,0691-2500100,"根据现有信息,118酒店(泼水广场店)在深夜周边安保及前台管理方面表现良好，未发现有关陌生人尾随或半夜敲门的负面记录。"
a26978da-4f18-42e6-8949-624d108b6c24,花间民宿,望天路万达度假区7期2栋2单元424,22.024325,100.754875,4.8,19206906198,根据现有信息，未发现关于花间民宿在深夜周边安保、前台管理严谨性及陌生人尾随或半夜敲门记录方面的负面评价。
a26978da-4f18-42e6-8949-624d108b6c24,雲海涧民宿酒店(勐泐大佛寺店),曼城A13栋8楼,21.974072,100.804581,4.9,19969182777,该酒店在深夜安全方面未见明显负面评价，但存在个别关于深夜噪音和服务态度的反馈。
a26978da-4f18-42e6-8949-624d108b6c24,映象民宿(曼贺蚌店),曼贺蚌新村83栋,21.96928,100.81583,4.9,18908815801,该酒店存在一定的安全隐患和服务态度问题，建议住客保持警惕。
a26978da-4f18-42e6-8949-624d108b6c24,优客里里民宿(西双版纳景洪泼水广场店),西双十二城国际公馆3栋20层,22.002426,100.809438,4.3,"18988174006;+861056320612,32133580",未直接发现深夜周边安保问题或陌生人尾随及半夜敲门记录，但存在服务管理和生活用品提供方面的负面反馈。
a26978da-4f18-42e6-8949-624d108b6c24,景洪悠然台民宿,嘎兰北路18号,22.024961,100.78664,4.8,"0691-2149026;18691162091;+861056320612,43711",景洪悠然台民宿整体安全性良好，但存在关于深夜周边安全和前台管理的个别负面反馈。
a26978da-4f18-42e6-8949-624d108b6c24,馨居客民宿(告庄西双景三店),勐罕路告庄西双景景德寨16栋401室,22.00922,100.82217,4.7,"15246857711;+861056320612,29514373",未找到关于深夜周边安保、前台管理以及陌生人尾随或半夜敲门的具体负面评价。
a26978da-4f18-42e6-8949-624d108b6c24,映花庭民宿(嘎洒镇分店),嘎洒镇雅居乐大道雅居乐一期166栋1902室,21.919952,100.706804,4.7,"13823080283;18988137643;+861056320612,52587",根据现有信息，映花庭民宿(嘎洒镇分店)在深夜周边安保及前台管理方面表现良好，未发现有陌生人尾随或半夜敲门的记录。
a26978da-4f18-42e6-8949-624d108b6c24,百姓民宿(勐泐大道分店),阳光假日(勐泐大道)阳光假日小区,22.005986,100.796871,4.6,"+861056320612,37529;010-56320606,37529",未发现关于深夜周边安保、前台管理不严谨或陌生人尾随及半夜敲门的负面评价。
a26978da-4f18-42e6-8949-624d108b6c24,西双版纳景洪云筑民宿(告庄星光夜市店),孔雀城A1-4单元3308室,22.010359,100.813775,4.9,13895727107;18988145623,根据现有信息，西双版纳景洪云筑民宿(告庄星光夜市店)在深夜周边安保及前台管理方面未发现明显风险。
a26978da-4f18-42e6-8949-624d108b6c24,惠宁之家酒店(西双版纳景洪傣族园店),景匡村115号,21.852776,100.921876,4.7,18087935238,根据现有信息，未发现有关惠宁之家酒店(西双版纳景洪傣族园店)在深夜周边安保、前台管理严谨性以及陌生人尾随或半夜敲门方面存在明显问题的负面评价。
a26978da-4f18-42e6-8949-624d108b6c24,启源酒店(西双版纳星光夜市店),曼斗旅游巷109号,22.012935,100.812341,4.3,14788044648;15087687117;15925427893,未找到关于启源酒店(西双版纳星光夜市店)的特定负面评价信息，无法直接评估深夜周边安保、前台管理严谨性及陌生人尾随或半夜敲门记录。
a26978da-4f18-42e6-8949-624d108b6c24,景洪市麓客民宿(告庄西双景星光夜市店),曼泐路孔雀城A1栋6单元2804,22.009376,100.812181,4.8,"13551207685;15808384577;+861056320612,29177212",根据现有信息，未发现关于深夜周边安保问题、前台管理不严谨以及陌生人尾随或半夜敲门的负面评价。整体来看，该民宿获得好评，尤其在卫生、环境和服务方面。
a26978da-4f18-42e6-8949-624d108b6c24,西双版纳景洪纳吉民宿(告庄西双景店),宣慰大道告庄西双景景栋寨10栋一单元9楼919号,22.011611,100.819041,4.6,18058244172;18088962403,西双版纳景洪纳吉民宿(告庄西双景店)在旅行安全方面表现较好，未发现有关深夜周边安保问题、前台管理不严或陌生人尾随/半夜敲门的负面评价。
a26978da-4f18-42e6-8949-624d108b6c24,凤苑大酒店,勐渤大道附近(海阔天空娱乐会所旁),21.972908,100.803154,4.4,0691-2169199;0691-2196099,该酒店存在显著的卫生和服务质量问题，但未直接提及深夜安保或陌生人尾随的具体案例。
a26978da-4f18-42e6-8949-624d108b6c24,曼迪娜民宿(西双版纳景洪曼贺纳古寨店),南允景街道办事曼贺纳村73号附2号,21.970809,100.824274,4.9,17788253322,根据现有信息，曼迪娜民宿在安全方面表现较好，未发现有陌生人尾随或半夜敲门的相关记录。
a26978da-4f18-42e6-8949-624d108b6c24,如沐春风民宿,曼斗村173号,22.010675,100.810975,4.7,"15393805333;+861056320612,47196577",未发现关于如沐春风民宿的深夜周边安保问题、前台管理不严谨或陌生人尾随及半夜敲门的相关负面评价。
a26978da-4f18-42e6-8949-624d108b6c24,橄榄坝宾馆,勐罕镇傣园路13号,21.849584,100.929662,3.7,0691-2260001;18869156016,基于现有信息，未发现关于橄榄坝宾馆在深夜周边安保、前台管理严谨性以及陌生人尾随或半夜敲门方面存在明显风险。
a26978da-4f18-42e6-8949-624d108b6c24,橄榄坝宾馆,勐罕镇傣园路13号,21.849584,100.929662,3.7,0691-2260001;18869156016,基于现有信息，未发现关于橄榄坝宾馆在深夜周边安保、前台管理严谨性及陌生人尾随或半夜敲门方面的负面评价。
a26978da-4f18-42e6-8949-624d108b6c24,杨光民宿(景洪曼城店),曼城A9栋1105室,21.975525,100.804325,5.0,15063870345,杨光民宿(景洪曼城店)存在关于深夜安全及前台管理的负面反馈，但未发现明确的陌生人尾随或半夜敲门记录。
a26978da-4f18-42e6-8949-624d108b6c24,傣情园民宿(民族风情园店),勐腊路24号望州大厦六楼,21.999133,100.793544,4.7,18088095075,基于现有信息，傣情园民宿(民族风情园店)在深夜周边安保、前台管理严谨性以及陌生人尾随或半夜敲门记录方面表现良好。
a26978da-4f18-42e6-8949-624d108b6c24,格林豪泰快捷酒店(西双版纳景洪湄公河畔店),景洪景亮路边傣泐金湾二期品江苑2-1-105,22.02287,100.798927,4.5,0691-2265998,该酒店整体安全性尚可，但存在一定的噪音问题，并且有住客反映过深夜周边安全性和隔音效果不佳。
a26978da-4f18-42e6-8949-624d108b6c24,洪庆酒店,嘎兰南路12号(州医院对面),22.005736,100.800185,3.3,0691-2154666,西双版纳洪庆酒店整体安全状况良好，但存在关于深夜周边环境和前台服务效率的担忧。
a26978da-4f18-42e6-8949-624d108b6c24,景洪拾间民宿(曼贺纳店),曼弄枫曼贺纳村老寨29号,21.971426,100.825309,4.4,19988181665,未发现关于深夜周边安保、前台管理严谨性问题以及陌生人尾随或半夜敲门的负面评价。
a26978da-4f18-42e6-8949-624d108b6c24,曼听商务酒店(曼听公园店),曼听路107号,21.994353,100.806905,4.7,18787916389,基于现有信息，未发现关于曼听商务酒店(曼听公园店)存在深夜周边安保问题、前台管理疏忽或陌生人尾随及半夜敲门的具体负面评价。
a26978da-4f18-42e6-8949-624d108b6c24,瑞丰宾馆,景洪勐养镇曼介去村,22.076344,100.902618,4.3,0691-3063226;13988177906,未发现关于瑞丰宾馆在深夜周边安保、前台管理严谨性及陌生人尾随或半夜敲门方面的负面评价。
a26978da-4f18-42e6-8949-624d108b6c24,曼林温泉酒店,玖沐雨林A1栋142号,21.966346,100.812394,4.9,15198754790,曼林温泉酒店整体安全性较好，但前台响应效率及服务态度有待提高。
a26978da-4f18-42e6-8949-624d108b6c24,云纳以家民宿(告庄星光夜市店),景洪宣慰大道景栋寨1栋538室,22.01226,100.816259,4.3,"18187496240;+861056320612,36597487",未发现关于深夜周边安保问题、前台管理不严谨或陌生人尾随及半夜敲门的负面评价。
a26978da-4f18-42e6-8949-624d108b6c24,长乐永康旅居酒店(勐泐大佛寺店),旅游度假区2期庄董路14号茵悦之声1期2单元,21.971663,100.786851,3.6,15367466662;15969177941;15993464567,该酒店在安全方面表现良好，但存在轻微的隔音问题。
a26978da-4f18-42e6-8949-624d108b6c24,凤栖梧民宿(泼水广场店),勐海路4号,22.00102,100.808819,4.5,19969112267,该酒店整体评价良好，但存在对房间设施和额外费用的不满。未发现深夜周边安保、前台管理不严谨或陌生人尾随及半夜敲门等安全相关负面反馈。
a26978da-4f18-42e6-8949-624d108b6c24,金泉商务酒店(嘎洒国际机场店),嘎洒镇曼占宅新村27号,21.953343,100.766824,4.3,0691-2164333;13108819919,未找到关于金泉商务酒店(嘎洒国际机场店)的相关差评信息，特别是关于深夜周边安保、前台管理严谨性以及陌生人尾随或半夜敲门的记录。
a26978da-4f18-42e6-8949-624d108b6c24,逸嘉酒店(泼水广场店),曼景兰社区居委会曼听路22号居民小组167号,22.000244,100.803828,4.1,15368925588,该酒店存在一定的噪音问题和卫生方面的投诉，但未发现关于深夜周边安保、前台管理严谨性及陌生人尾随或半夜敲门的负面评价。
a26978da-4f18-42e6-8949-624d108b6c24,大象栖居主题民宿,宣慰大道宣景巷42号,22.017058,100.813654,4.5,15368811144;18108005822,基于现有信息，大象栖居主题民宿在深夜周边安保及前台管理方面表现较好，未发现明确的陌生人尾随或半夜敲门记录。
a26978da-4f18-42e6-8949-624d108b6c24,速8优选酒店(西双版纳告庄星光夜市店),景亮路209号,22.015462,100.809331,4.2,19969172886,根据现有信息，速8优选酒店(西双版纳告庄星光夜市店)在深夜周边安保、前台管理严谨性方面表现良好，未发现有关陌生人尾随或半夜敲门的负面记录。
a26978da-4f18-42e6-8949-624d108b6c24,景洪象家酒店,宣慰大道1号黎明万象B区18楼1812,22.008389,100.800339,3.5,0691-2203924;15368902778,未发现关于深夜周边安保、前台管理以及陌生人尾随或半夜敲门的负面评价。
a26978da-4f18-42e6-8949-624d108b6c24,振华大酒店,曼弄枫村委会曼贡民小组西侧200米,21.966365,100.790232,3.6,0691-3080822,未找到关于振华大酒店的具体差评信息，特别是深夜周边安保、前台管理严谨性以及陌生人尾随或半夜敲门的相关记录。
a26978da-4f18-42e6-8949-624d108b6c24,十二千田民宿(西双版纳景洪店),茶香雅筑3-3号,22.015298,100.761315,4.4,"19038918866;+861056320612,36661270",该民宿存在明显的安全和服务管理上的不足，包括但不限于深夜周边安保措施不力、前台管理制度松散。
a26978da-4f18-42e6-8949-624d108b6c24,花月酒店(西双版纳景洪告庄西双景星光夜市店),曼斗路71号附1号,22.011225,100.811575,4.2,15198672797,未发现关于深夜周边安保、前台管理严谨性以及陌生人尾随或半夜敲门的具体负面评价。
a26978da-4f18-42e6-8949-624d108b6c24,西双版纳悦椿温泉度假酒店,象山社区曼兴湖水库旁,21.973137,100.465954,4.7,0691-8996888,酒店整体评价较好，但存在对停车安排的不满，未发现直接涉及深夜安保、前台管理或陌生人尾随/半夜敲门的问题。
a26978da-4f18-42e6-8949-624d108b6c24,勐海泊庭酒店,雨林大道32号湘商家苑2号楼,21.969123,100.446649,4.7,19008816657,基于当前信息，勐海泊庭酒店在深夜周边安保、前台管理方面表现良好，未发现有关陌生人尾随或半夜敲门的负面记录。
a26978da-4f18-42e6-8949-624d108b6c24,维也纳3好酒店(西双版纳勐海勐巴拉国际度假区景管路店),勐海镇景管路193号W幢2单元,21.956369,100.453219,4.8,0691-5138777,基于现有信息，维也纳3好酒店(西双版纳勐海勐巴拉国际度假区景管路店)在深夜周边安保、前台管理严谨性方面表现良好，未发现有陌生人尾随或半夜敲门的相关负面评价。
a26978da-4f18-42e6-8949-624d108b6c24,豪庭酒店(西双版纳勐海店),曼兴路中国石化东南方向约50米,21.965135,100.449813,4.8,0691-5566988,豪庭酒店(西双版纳勐海店)在服务与设施方面存在一些问题，但没有直接证据显示有严重的安全隐患。然而，考虑到顾客反馈中提到的服务不足以及潜在的环境因素，建议加强夜间安保措施和提升前台服务质量。
a26978da-4f18-42e6-8949-624d108b6c24,茶庭假日酒店(勐海店),龙港品味天下步行街4栋,21.961426,100.4404,4.4,0691-3067188,基于现有信息，茶庭假日酒店(勐海店)在深夜周边安保及前台管理方面未发现明显风险点。
a26978da-4f18-42e6-8949-624d108b6c24,勐海其山智能酒店,景管路浩宇大城三期66幢24楼,21.961477,100.438618,4.8,18183770989,未找到关于勐海其山智能酒店在深夜周边安保、前台管理严谨性以及陌生人尾随或半夜敲门记录方面的负面评价。
a26978da-4f18-42e6-8949-624d108b6c24,木可·岚山南隐奢度假酒店,格朗和乡南糯山姑娘寨55号,21.94391,100.592271,4.9,13988187979;18487250998,未找到关于深夜周边安保、前台管理严谨性以及陌生人尾随或半夜敲门的相关负面评价。
a26978da-4f18-42e6-8949-624d108b6c24,勐海茗城温泉酒店,勐海茗城14栋130号,21.967817,100.441921,4.7,0691-5163777,勐海茗城温泉酒店在深夜周边安保及前台管理方面表现良好，未发现关于陌生人尾随或半夜敲门的安全隐患记录。
a26978da-4f18-42e6-8949-624d108b6c24,岩佤茶空间智能酒店(勐巴拉国际度假区沙河小镇店),沙河小镇2组团11栋,21.958831,100.435497,4.9,19087612519,基于现有信息，未发现岩佤茶空间智能酒店(勐巴拉国际度假区沙河小镇店)有关深夜周边安保、前台管理严谨性及陌生人尾随或半夜敲门等安全问题的具体负面评价。
a26978da-4f18-42e6-8949-624d108b6c24,如家华驿精选酒店(勐海县政府店),佳园明珠商贸城,21.958693,100.446153,4.2,0691-3085989,根据现有信息，未发现关于如家华驿精选酒店(勐海县政府店)深夜周边安保、前台管理不严谨或有陌生人尾随/半夜敲门的具体负面评价。
a26978da-4f18-42e6-8949-624d108b6c24,勐海曼舒酒店,勐海镇曼兴路101号佛海华庭4栋10楼,21.966935,100.44839,4.8,0691-5199179,勐海曼舒酒店在深夜周边安保及前台管理方面表现较好，但存在少量关于陌生人尾随或半夜敲门的负面反馈。
a26978da-4f18-42e6-8949-624d108b6c24,澜海云端智能酒店(西双版纳勐海店),勐海镇浩宇大城三期66幢26楼2621室,21.961469,100.43837,4.8,0691-5569188;13324986038,根据现有信息，澜海云端智能酒店(西双版纳勐海店)未发现关于深夜周边安保、前台管理严谨性及陌生人尾随或半夜敲门记录的负面评价。
a26978da-4f18-42e6-8949-624d108b6c24,勐海国威大酒店,南海路中段14号,21.956179,100.442485,4.2,0691-3028888,勐海国威大酒店整体安全评价良好，但存在空调系统不足及外部噪音干扰的风险。
a26978da-4f18-42e6-8949-624d108b6c24,勐海逸宿千寻智能酒店(勐巴拉国际度假区店),嘎海路33号逸宿千寻智能酒店,21.956367,100.444407,4.4,0691-5166668;18183777983,根据现有信息，勐海逸宿千寻智能酒店(勐巴拉国际度假区店)在深夜周边安保及前台管理方面表现良好，未发现有陌生人尾随或半夜敲门的相关负面记录。
a26978da-4f18-42e6-8949-624d108b6c24,维玉纳酒店(西双版纳勐海店),佛双路25号,21.952135,100.443547,4.7,0691-8938668,维玉纳酒店(西双版纳勐海店)在安全方面表现尚可，但存在前台管理和卫生上的若干问题。
a26978da-4f18-42e6-8949-624d108b6c24,勐海景龙景鑫大酒店,景管路400号冠城时代广场A8幢,21.960254,100.443473,4.5,0691-5179999,勐海景龙景鑫大酒店在安全方面表现良好，未发现深夜周边安保问题、前台管理疏忽或陌生人尾随及半夜敲门的负面评价。
a26978da-4f18-42e6-8949-624d108b6c24,跃云上河酒店(勐海茶王夜市),沙河小镇水街一期3栋,21.965583,100.438316,4.9,18088096956,基于现有信息，未发现跃云上河酒店(勐海茶王夜市)存在显著的安全隐患。
a26978da-4f18-42e6-8949-624d108b6c24,云筑酒店(西双版纳勐海店),勐海镇景囡社区水街一期15栋,21.957989,100.434998,4.7,15391342882,基于现有信息，云筑酒店(西双版纳勐海店)的安全状况相对良好，但存在一些关于前台管理和深夜周边环境的担忧。
a26978da-4f18-42e6-8949-624d108b6c24,德邦酒店,象山路一心堂药房旁边,21.957775,100.448524,4.7,15911790553,根据现有信息，德邦酒店在深夜周边安保、前台管理严谨性以及陌生人尾随或半夜敲门记录方面表现良好。
a26978da-4f18-42e6-8949-624d108b6c24,栖间堂设计师酒店,勐海镇沙河小镇水街一期s1-9-101号,21.96423,100.4375,4.8,19108815222,根据当前可获取的信息，未发现有关栖间堂设计师酒店存在深夜周边安保问题、前台管理不严谨或陌生人尾随及半夜敲门等安全风险的负面评价。
a26978da-4f18-42e6-8949-624d108b6c24,三朵云酒店,勐海镇嘎海路20号浩宇大城65栋1楼,21.962164,100.43763,4.8,0691-5563066,基于提供的信息，没有发现关于三朵云酒店在深夜周边安保、前台管理严谨性以及陌生人尾随或半夜敲门方面的负面评价。
a26978da-4f18-42e6-8949-624d108b6c24,勐海云普影音酒店,勐海镇祥和社区景管路1-301号,21.95787,100.44521,4.7,0691-5517755,勐海云普影音酒店在深夜周边安全及前台管理方面存在轻微风险，但没有发现陌生人尾随或半夜敲门的具体记录。
a26978da-4f18-42e6-8949-624d108b6c24,悦翔酒店(勐巴拉国际度假区店),勐海镇嘎海路9号,21.956925,100.444756,4.5,19278869290,该酒店存在较为严重的卫生和服务问题，但未直接提及深夜安保、前台管理严谨性或陌生人尾随/半夜敲门的情况。
a26978da-4f18-42e6-8949-624d108b6c24,景和大酒店,勐海镇佛双社区勐海镇利民路15号1幢17-2、18、19号,21.952847,100.440913,4.5,0691-5185888;18979501066,根据现有信息，未发现关于景和大酒店在西双版纳分店的直接负面评价提及深夜周边安保问题、前台管理不严谨或陌生人尾随及半夜敲门记录。
a26978da-4f18-42e6-8949-624d108b6c24,亚蓝云朵酒店(流沙河星光夜市文化广场店),景囡社区浩宇大城三期65栋1楼,21.961663,100.438313,4.6,18187180842,未发现关于深夜周边安保、前台管理以及陌生人尾随或半夜敲门的负面评价。
a26978da-4f18-42e6-8949-624d108b6c24,勐海泊见酒店,219国道浩宇大城三期40栋7楼,21.958514,100.436103,4.4,0691-3067366,基于现有信息，勐海泊见酒店在深夜周边安保、前台管理方面表现良好，未发现有陌生人尾随或半夜敲门等安全问题。
a26978da-4f18-42e6-8949-624d108b6c24,勐海澜泊湾酒店(千寻百寨店),景管路浩宇大城三期66号楼4层,21.961455,100.438375,4.6,19106950397,勐海澜泊湾酒店在深夜安全管理和前台服务质量方面存在明显问题。
a26978da-4f18-42e6-8949-624d108b6c24,勐海欣悦大酒店(勐巴拉国际度假区店),国威财富广场南门旁,21.953378,100.43997,4.3,0691-8990777,勐海欣悦大酒店(勐巴拉国际度假区店)在安全方面表现良好，没有发现关于深夜周边安保、前台管理不严谨以及陌生人尾随或半夜敲门的负面评价。
a26978da-4f18-42e6-8949-624d108b6c24,西双版纳南山隐茶园里民宿,南糯山村水河寨,21.9667,100.575945,4.8,13759135285;13888896790,未发现有关深夜周边安保问题、前台管理不严谨或陌生人尾随及半夜敲门的负面记录。
a26978da-4f18-42e6-8949-624d108b6c24,勐海曼雅酒店,富比仕小区3幢,21.959774,100.441769,4.3,0691-3057557;0691-3082288,基于现有信息，勐海曼雅酒店在深夜周边安保、前台管理严谨性方面表现良好，未发现有关陌生人尾随或半夜敲门的负面记录。
a26978da-4f18-42e6-8949-624d108b6c24,勐海遇子期民宿,东纳路29号三楼1-9号,21.951457,100.445515,4.8,19108814898,勐海遇子期民宿在安全方面表现良好，未发现关于深夜周边安保、前台管理不严谨或陌生人尾随及半夜敲门的负面评价。
a26978da-4f18-42e6-8949-624d108b6c24,勐海茶圣大酒店,勐海镇佛双社区佛双路1号,21.953191,100.446647,4.3,0691-6776888;13618810108,勐海茶圣大酒店在安全方面表现良好，未发现有关深夜周边安保问题、前台管理不严谨或陌生人尾随及半夜敲门的负面评价。
a26978da-4f18-42e6-8949-624d108b6c24,海云酒店,"云南省西双版纳自治州勐海县,景管路浩宇三期普洱大厦65栋(南行20左右)",21.962062,100.437655,4.7,15087661125,根据现有信息，海云酒店在深夜周边安保及前台管理方面表现良好，未发现关于陌生人尾随或半夜敲门的具体负面评价。
a26978da-4f18-42e6-8949-624d108b6c24,云上四季民宿(勐海客运站店),佛双路14号3幢,21.9542,100.445566,4.5,"0691-5138999;0691-5138999,9",根据现有信息，未发现关于云上四季民宿(勐海客运站店)在深夜周边安保、前台管理严谨性以及陌生人尾随或半夜敲门方面的负面评价。
a26978da-4f18-42e6-8949-624d108b6c24,景龙白象大酒店,富比仕街区1栋1单元,21.95979,100.441305,3.8,0691-3082888,基于可获取的信息，勐海县景龙白象大酒店在大多数方面表现良好，但有关于个别员工态度不佳的反馈，未发现直接与安全相关的严重问题。
a26978da-4f18-42e6-8949-624d108b6c24,勐海春海茶苑酒店,勐海镇佛双路国威欣城雅苑旁,21.953808,100.437651,4.1,0691-5167666,根据现有信息，勐海春海茶苑酒店在深夜周边安保及前台管理方面表现良好，未发现关于陌生人尾随或半夜敲门的安全隐患报告。
a26978da-4f18-42e6-8949-624d108b6c24,百渔庄园民宿,勐混镇勐混村委会鱼种站C区,21.853237,100.385362,4.4,19296910006,未找到关于百渔庄园民宿的负面评价，特别是关于深夜周边安保、前台管理和陌生人尾随或半夜敲门的相关问题。
a26978da-4f18-42e6-8949-624d108b6c24,浩宇大城茶都民宿(普洱茶大厦店),浩宇大城3期3组团65栋205号,21.961725,100.437625,4.6,0691-3012188;19087612519,该民宿存在一定的噪音干扰和清洁度方面的问题，但未发现明确的安全隐患报告。
a26978da-4f18-42e6-8949-624d108b6c24,勐海英蕊傣乡情民宿,打洛镇勐景莱114号,21.696017,100.086523,4.7,"13628815717;+861056320612,7796146",勐海英蕊傣乡情民宿存在明显的服务与管理问题，包括清洁度不佳、生活用品供应不足以及管理制度混乱等，但未发现直接关于深夜周边安保或陌生人尾随的具体负面评价。
a26978da-4f18-42e6-8949-624d108b6c24,璞隅温泉度假酒店(西双版纳勐海勐巴拉国际度假区店),勐巴拉国际旅游度假区一期35栋50号,21.970349,100.463263,4.7,"13501186768;+861056320612,45245308",未发现关于深夜周边安保问题、前台管理不严谨或陌生人尾随/半夜敲门的相关负面评价。
a26978da-4f18-42e6-8949-624d108b6c24,南糯山茶院民宿(格南线分店),格朗和乡南糯山姑娘老寨52号,21.94186,100.594757,4.9,15198672793,根据现有信息，南糯山茶院民宿(格南线分店)在深夜周边安保、前台管理和防止陌生人尾随或半夜敲门方面表现良好，未发现明显的安全问题。
a26978da-4f18-42e6-8949-624d108b6c24,西双版纳勐海宸昊民宿(勐巴拉国际度假区店),浩宇大成三期3组团55号楼205室,21.960925,100.438325,4.4,0691-3012188;19087612519,根据现有信息，未发现关于西双版纳勐海宸昊民宿(勐巴拉国际度假区店)的深夜周边安保问题、前台管理不严谨或陌生人尾随及半夜敲门等安全相关的负面评价。
a26978da-4f18-42e6-8949-624d108b6c24,悦庭温泉民宿(雨林大道店),勐巴拉非遗文化村二号院,21.976744,100.466479,4.8,15012136481,该酒店在安全方面未见明显负面评价，但存在室内吸烟管理和部分前台服务态度问题。
a26978da-4f18-42e6-8949-624d108b6c24,勐海星期九酒店,象山社区象山路24号,21.958459,100.448505,4.6,0691-3082687,勐海星期九酒店的住客反馈主要集中在房间大小上，对于深夜周边安保、前台管理和陌生人尾随或半夜敲门等问题没有直接的负面评价。
a26978da-4f18-42e6-8949-624d108b6c24,勐海玉海酒店,佛双路15号,21.95259,100.444716,4.1,0691-5129139;15752057884,基于现有信息，勐海玉海酒店在深夜周边安保、前台管理和防止陌生人尾随或半夜敲门方面表现良好。
a26978da-4f18-42e6-8949-624d108b6c24,郁金香主题酒店(西双版纳勐海店),景管路225号1栋5楼,21.959944,100.44122,4.5,19006917958,该酒店在深夜周边安保和前台管理方面存在一定的改进空间，但未发现明确的陌生人尾随或半夜敲门记录。
a26978da-4f18-42e6-8949-624d108b6c24,浙粤智能酒店,勐海镇科技路6号,21.952406,100.448843,4.7,0691-3065168;13628711909,该酒店存在一定的卫生和服务质量问题，但未发现直接关于深夜周边安保、前台管理严谨性或陌生人尾随/半夜敲门的负面评价。
a26978da-4f18-42e6-8949-624d108b6c24,勐海博识达商务酒店,勐遮镇惠勐公路黎明综合集贸市场旁(近黎明中学),21.999354,100.259052,4.5,0691-5423333,勐海博识达商务酒店存在明显的夜间噪音干扰及卫生管理不足的问题，建议谨慎选择。
a26978da-4f18-42e6-8949-624d108b6c24,南糯山云风民宿,格朗和乡南糯山姑娘寨100号,21.944042,100.591754,4.8,18088066473,基于现有信息，未发现关于南糯山云风民宿深夜周边安保问题、前台管理不严谨或陌生人尾随/半夜敲门的负面评价。
a26978da-4f18-42e6-8949-624d108b6c24,勐海银生府大酒店,南海路2号,21.955574,100.446984,4.5,17387296787,勐海银生府大酒店存在明显的卫生与服务态度问题，但未直接发现深夜周边安保及陌生人尾随或半夜敲门的相关负面评价。
a26978da-4f18-42e6-8949-624d108b6c24,博淳雅惠智慧酒店,龙港品味天下,21.961594,100.439722,4.7,0691-8990088,该酒店存在明显的卫生和服务质量问题，但未直接提及深夜安保、前台管理和陌生人尾随或半夜敲门的具体负面情况。
a26978da-4f18-42e6-8949-624d108b6c24,木兰茶宿民宿,沙河小镇水街1期12栋,21.962838,100.436689,4.4,0691-3088006;18806919948,木兰茶宿民宿存在较为明显的卫生和服务方面的问题，但未直接发现深夜周边安保、前台管理不严谨以及陌生人尾随或半夜敲门的相关记录。
a26978da-4f18-42e6-8949-624d108b6c24,勐海茶都商务酒店,佛双路37号,21.951571,100.44187,4.5,0691-5198998,根据现有信息，勐海茶都商务酒店在深夜周边安保和前台管理方面表现良好，未发现有陌生人尾随或半夜敲门的具体记录。
a26978da-4f18-42e6-8949-624d108b6c24,浙东商务酒店,打洛镇中缅街,21.678265,100.040314,4.5,0691-5561008;15924694361,未找到关于浙东商务酒店在西双版纳的具体负面评价信息，特别是针对深夜周边安保、前台管理严谨性以及陌生人尾随或半夜敲门记录的反馈。
a26978da-4f18-42e6-8949-624d108b6c24,勐海素手宾馆,K22县道勐海镇中心小学斜对面,21.981676,100.429367,4.6,"17787540865;+861056320612,4837820",基于当前可获取的信息，勐海素手客栈在安全方面表现良好，未发现关于深夜周边安保、前台管理不严谨或陌生人尾随/半夜敲门的相关负面评价。
a26978da-4f18-42e6-8949-624d108b6c24,勐海景致酒店,气象路,21.949909,100.446737,4.1,0691-5125277,基于现有信息，勐海景致酒店在旅行安全方面表现良好，未发现关于深夜周边安保问题、前台管理不严谨或陌生人尾随及半夜敲门的负面评价。
a26978da-4f18-42e6-8949-624d108b6c24,勐海莱曼度假酒店,勐巴拉国际旅游度假区38栋,21.970049,100.462935,4.4,0691-5629999,勐海莱曼度假酒店的负面评价主要集中在没有电梯等设施问题上，但关于深夜周边安保、前台管理和陌生人尾随或半夜敲门记录方面并未发现明显风险点。
a26978da-4f18-42e6-8949-624d108b6c24,勐海玉涵民宿,八公里曼尾村130号,21.988941,100.493279,4.6,13988182002,未找到关于勐海玉涵民宿在深夜周边安保、前台管理严谨性以及陌生人尾随或半夜敲门方面的负面评价。
a26978da-4f18-42e6-8949-624d108b6c24,勐巴拉悦景度假民宿,勐巴拉三期三栋,21.976637,100.461912,4.4,"18088112014;+861056320612,29105644",基于当前可获取的信息，勐巴拉悦景度假民宿在深夜周边安保、前台管理严谨性方面表现良好，未发现陌生人尾随或半夜敲门记录。
a26978da-4f18-42e6-8949-624d108b6c24,锐和勐巴拉温泉度假酒店,象山社区曼兴湖水库旁,21.970738,100.46143,4.1,0691-5187555;15368918176,"根据当前可获取的信息, 锐和勐巴拉温泉度假酒店在深夜周边安保、前台管理严谨性方面表现良好, 没有发现陌生人尾随或半夜敲门的记录。"
a26978da-4f18-42e6-8949-624d108b6c24,勐海涵舍民宿,勐巴拉三期3栋2楼,21.976645,100.462416,4.7,"15257459427;+861056320612,5757641",勐海涵舍民宿在安全方面表现良好，未发现深夜安保问题、前台管理不严谨或陌生人尾随/半夜敲门的相关负面评价。
a26978da-4f18-42e6-8949-624d108b6c24,勐海洪达商务酒店,象山新街105号,21.959158,100.448268,3.4,0691-5120262,勐海洪达商务酒店存在严重的安全与卫生问题，前台服务态度差且管理不善。
a26978da-4f18-42e6-8949-624d108b6c24,萱禾酒店,G219勐遮公路巡逻民警中队西北10米处,21.994625,100.264775,4.3,18088055045,根据现有信息，未发现萱禾酒店在深夜周边安保、前台管理方面存在显著问题，亦无明确的陌生人尾随或半夜敲门记录。
a26978da-4f18-42e6-8949-624d108b6c24,青水河畔酒店(茶字广场店),沙河小镇水街一期二组团2栋,21.962047,100.436411,4.8,18988195128,该酒店存在一定的安全风险，特别是在夜间安保和前台人员对访客的管控方面表现不佳。
a26978da-4f18-42e6-8949-624d108b6c24,映荷酒店,打洛镇中缅街168号映荷酒店,21.678072,100.039396,4.4,15987889899,基于当前可获取的信息，没有发现关于映荷酒店深夜周边安保、前台管理不严谨或有陌生人尾随及半夜敲门的负面评价。
a26978da-4f18-42e6-8949-624d108b6c24,勐海景悠大酒店,勐海镇湖海仙居小区3栋1号,21.96353,100.446564,3.9,0691-5186686,勐海景悠大酒店在深夜周边安保、前台管理方面表现良好，未发现陌生人尾随或半夜敲门的负面记录。
a26978da-4f18-42e6-8949-624d108b6c24,勐海博宇花园酒店(普洱茶文化步行街店),勐海冠城时代广场A区10栋4层,21.961107,100.442605,3.9,0691-5626135;13988132191,勐海博宇花园酒店存在较为严重的卫生问题和服务不一致的问题，对女性旅行者的安全体验构成一定风险。
a26978da-4f18-42e6-8949-624d108b6c24,西双版纳可见泽栖帐篷酒店,勐海镇214国道线曼兴水库旁,21.968281,100.466654,4.2,0691-5510000;18988170583,西双版纳可见泽栖帐篷酒店整体评价较好，但存在少量关于深夜噪音和潜在隐私问题的反馈。
a26978da-4f18-42e6-8949-624d108b6c24,阿摩罗酒店,两制茶都14栋-01号,21.988557,100.503547,4.9,19008813636,基于现有信息，阿摩罗酒店在深夜周边安保及前台管理方面表现良好，未发现关于陌生人尾随或半夜敲门的相关负面评价。
a26978da-4f18-42e6-8949-624d108b6c24,勐海湘悦商务酒店,打洛镇兴洛路28号,21.69727,100.054165,4.3,0691-5566168;17387290267,基于当前可获取的信息，勐海湘悦商务酒店在深夜周边安保及前台管理方面表现良好，未发现关于陌生人尾随或半夜敲门的具体负面评价。
a26978da-4f18-42e6-8949-624d108b6c24,逸舍里民宿,雨林大道浩宇大城3期二组团62栋18楼,21.960691,100.437434,4.6,18314436634,根据现有信息，逸舍里民宿在深夜周边安保及前台管理方面表现良好，未发现有关陌生人尾随或半夜敲门的负面记录。
a26978da-4f18-42e6-8949-624d108b6c24,勐海乐途酒店,富比仕街区1栋13号,21.959777,100.44124,3.7,0691-5160677,勐海乐途酒店存在一些关于深夜噪音的投诉，且有反馈指出前台管理需要改进。
a26978da-4f18-42e6-8949-624d108b6c24,勐海湘园度假酒店,打洛镇景洛社区景洛路100号,21.695953,100.047696,4.8,19160324737,未找到关于勐海湘园度假酒店的具体负面评价，特别是与深夜周边安保、前台管理严谨性以及陌生人尾随或半夜敲门相关的记录。
a26978da-4f18-42e6-8949-624d108b6c24,心窝民宿店,勐混镇勐混村委会勐冈卫生室,21.859715,100.315695,4.9,"13578144679;+861056320612,48665104",心窝民宿店在深夜周边安保和前台管理方面存在一定程度的风险，但未发现严重的陌生人尾随或半夜敲门记录。
a26978da-4f18-42e6-8949-624d108b6c24,勐海川超宾馆,勐海镇嘎海路3号4栋,21.956459,100.446342,4.1,15059804376,勐海川超宾馆存在一些关于前台管理和个别安全问题的负面反馈，但没有明确提及深夜周边安保或陌生人尾随/半夜敲门的具体事件。
a26978da-4f18-42e6-8949-624d108b6c24,天阙酒店(西双版纳勐海客运站店),勐海镇佛双路8号,21.953034,100.445002,4.2,0691-5198799;15925086587,该酒店整体安全管理水平较好，但存在因系统故障导致的陌生人刷卡开门事件及部分住客反映有装修噪音问题。
a26978da-4f18-42e6-8949-624d108b6c24,勐混云翔花园酒店,320省道与044乡道交叉口北440米,21.8446,100.386331,4.4,0691-5511918,根据现有信息，勐混云翔花园酒店在深夜周边安保和前台管理方面表现良好，未发现陌生人尾随或半夜敲门的负面记录。
a26978da-4f18-42e6-8949-624d108b6c24,雅居酒店(勐海店),打洛镇320省道诚信建材东邻,21.697729,100.051331,4.4,0691-5567169;13368817562,根据现有信息，勐海雅居酒店在深夜周边安保、前台管理和防止陌生人尾随或半夜敲门方面表现良好。
a26978da-4f18-42e6-8949-624d108b6c24,勐海南诏酒店,勐海镇佛双路44号,21.954126,100.444038,4.9,0691-5139779,根据现有信息，勐海南诏酒店在深夜周边安保及前台管理方面未发现明显问题，也无陌生人尾随或半夜敲门的负面记录。
a26978da-4f18-42e6-8949-624d108b6c24,观云府酒店(南糯山村店),格朗和乡南糯山村委会多依寨村72号,21.929822,100.60239,4.8,15012134323,基于当前可获取的信息，未发现有关深夜周边安保、前台管理以及陌生人尾随或半夜敲门等安全隐患的负面评价。
a26978da-4f18-42e6-8949-624d108b6c24,西双版纳康老师涵舍民宿,勐海219国道与景管路交叉路口冠城时代广场冠城时代广场9栋,21.96094,100.442993,4.8,15257459427,基于现有信息，未发现关于西双版纳康老师涵舍民宿深夜周边安保、前台管理严谨性以及陌生人尾随或半夜敲门记录的相关负面评价。
a26978da-4f18-42e6-8949-624d108b6c24,勐海晓月人家民宿,勐海镇象山社区勐巴拉65栋,21.970396,100.462789,4.9,0691-5129966;15308198283,勐海晓月人家民宿在深夜安保与前台管理上存在一定程度的风险，但未发现严重威胁住客人身安全的行为。
a26978da-4f18-42e6-8949-624d108b6c24,勐海县银河宾馆,佛照街(魅力日化的东邻),21.956663,100.448255,4.1,0691-5129379,勐海县银河宾馆整体安全状况良好，但存在个别关于深夜周边环境安全性及前台接待流程严谨性的负面反馈。
a26978da-4f18-42e6-8949-624d108b6c24,茶乡大酒店(勐海店),勐海南海路12号,21.955917,100.444302,3.5,0691-8990888;18312149253,基于现有信息，茶乡大酒店(勐海店)在深夜周边安保及前台管理方面表现较好，未发现明显的安全隐患。
a26978da-4f18-42e6-8949-624d108b6c24,勐海唯尚精品主题酒店,勐遮村委会新街村民小组132号,21.983247,100.272257,3.9,13388812698,根据现有信息，勐海唯尚精品主题酒店在深夜周边安保及前台管理方面表现良好，未发现关于陌生人尾随或半夜敲门的负面记录。
a26978da-4f18-42e6-8949-624d108b6c24,乐居酒店,勐遮镇黎明农场孺子牛农业斜对面,21.99917,100.2657,4.5,0691-5179118,该酒店存在显著的卫生及管理问题，但未发现直接涉及深夜周边安保或陌生人尾随/半夜敲门的具体差评。
a26978da-4f18-42e6-8949-624d108b6c24,打洛鹏达商务酒店,打洛镇下街十字路口(打洛大桥前),21.695173,100.047379,4.4,0691-5566577,打洛鹏达商务酒店存在夜间接待人员对客人行李协助不够主动以及对外卖配送人员态度生硬的问题，同时有客人反映内部设施较为老旧，但未直接提及深夜安全问题。
a26978da-4f18-42e6-8949-624d108b6c24,景龙大酒店,南海路与茶乡路交叉处,21.954841,100.442263,3.3,0691-3021888,根据现有信息，未发现关于景龙大酒店在深夜周边安保、前台管理严谨性以及陌生人尾随或半夜敲门方面的负面评价。
a26978da-4f18-42e6-8949-624d108b6c24,旺和酒店(西双版纳勐海店),勐海镇景买路35号,21.945344,100.434601,3.3,0691-8932666;0691-8990488;13578415014,该酒店在安全性方面未发现直接相关的负面评价，但存在一些关于房间和公共区域清洁度及设施维护的抱怨。
a26978da-4f18-42e6-8949-624d108b6c24,勐巴拉恒春温泉度假民宿,勐巴拉二期8303,21.974056,100.46538,4.7,15257459427,基于当前可获取的信息，勐巴拉恒春温泉度假民宿未显示出明显的安全问题，包括深夜周边安保、前台管理和异常行为等方面。
a26978da-4f18-42e6-8949-624d108b6c24,勐海食为天大酒店,勐海曼贺路206号,21.94761,100.444957,4.2,0691-5129668,勐海食为天大酒店存在一定的安全风险，尤其是关于深夜周边的安保措施和前台对访客的管理方面。
a26978da-4f18-42e6-8949-624d108b6c24,勐海翡翠里精品酒店(勐巴拉国际度假区店),翡翠里小区S01栋(近214国道),21.978967,100.460539,3.2,0691-3088508;0691-5181999,根据当前可获取的信息，勐海翡翠里精品酒店(勐巴拉国际度假区店)在深夜周边安保及前台管理方面表现良好，未发现陌生人尾随或半夜敲门的相关记录。
a26978da-4f18-42e6-8949-624d108b6c24,勐海雨林小筑民宿,勐巴拉旅游风情小镇金链园49幢67(C-01)号,21.970698,100.462933,4.5,13910786558,勐海雨林小筑民宿存在卫生问题及房间实际情况与宣传不符的情况，但未发现直接关于深夜周边安保、前台管理严谨性以及陌生人尾随或半夜敲门的负面记录。
a26978da-4f18-42e6-8949-624d108b6c24,勐海华天商务酒店,勐海镇嘎海路5-3号,21.957127,100.44534,3.5,0691-5183000,基于现有信息，勐海华天商务酒店在深夜周边安保及前台管理方面表现良好，未发现陌生人尾随或半夜敲门的相关负面评价。
a26978da-4f18-42e6-8949-624d108b6c24,勐海武洲宾馆,佛双路54号勐海县国土资源局旁,21.95333,100.443792,4.7,0691-3082598;15752316855,根据当前可获取的信息，勐海武洲宾馆在深夜周边安保及前台管理方面未发现明显问题，也没有关于陌生人尾随或半夜敲门的负面记录。
a26978da-4f18-42e6-8949-624d108b6c24,宏顺宾馆,佛双路26号,21.952831,100.444333,4.2,0691-5129480;15752362951,基于现有信息，勐海宏顺宾馆在深夜周边安保及前台管理方面未发现明显负面评价，无明确陌生人尾随或半夜敲门记录。
a26978da-4f18-42e6-8949-624d108b6c24,华丽酒店,勐遮镇勐遮村委会曼木中村26号,21.992416,100.26598,4.8,15012141405,未找到关于西双版纳华丽酒店的具体负面评价，特别是在深夜周边安保、前台管理严谨性以及陌生人尾随或半夜敲门记录方面。
a26978da-4f18-42e6-8949-624d108b6c24,勐海雄军宾馆,利民路5号,21.953475,100.442051,4.2,0691-5139888,勐海雄军宾馆在深夜周边安保和前台管理方面表现良好，未发现陌生人尾随或半夜敲门的相关负面评价。
a26978da-4f18-42e6-8949-624d108b6c24,勐海金都商务酒店,嘎海路19号,21.956275,100.445639,3.4,0691-5135786;19530502242,勐海金都商务酒店在深夜周边安保及前台管理方面表现良好，未发现陌生人尾随或半夜敲门的相关记录。
a26978da-4f18-42e6-8949-624d108b6c24,老班章十七山坊民宿,布朗山乡班章村委会老班章村17号,21.728718,100.498416,5.0,18288081717,基于现有信息，老班章十七山坊民宿在深夜周边安保、前台管理严谨性以及未发现陌生人尾随或半夜敲门记录方面表现良好。
a26978da-4f18-42e6-8949-624d108b6c24,勐海君豪大酒店,东纳路勐海市场监督管理局对面,21.95176,100.445622,4.2,0691-5168668;15969170247,勐海君豪大酒店存在一定的夜间安全隐患，且有报告指出前台管理存在不足。
a26978da-4f18-42e6-8949-624d108b6c24,勐海春茶智能酒店(景管路店),宏福农贸市场,21.958548,100.446311,4.1,0691-3085989,未找到关于勐海春茶智能酒店(景管路店)的负面评论，特别是没有提及深夜周边安保问题、前台管理不严谨或陌生人尾随及半夜敲门的相关记录。
a26978da-4f18-42e6-8949-624d108b6c24,勐海臻鑫商务酒店,打洛镇边境检查站旁,21.696741,100.047761,4.5,0691-5566266;13759265255,勐海臻鑫商务酒店存在一定的卫生和设施维护问题，但未见明确的深夜安全相关负面评价。
a26978da-4f18-42e6-8949-624d108b6c24,勐海维地亚酒店,勐混镇勐混城子三组,21.840996,100.392222,4.6,0691-5511919,勐海维地亚酒店存在严重的卫生和服务管理问题，但未发现直接提及深夜安保或陌生人尾随的具体负面评价。
a26978da-4f18-42e6-8949-624d108b6c24,西双版纳勐海巴塔曼町野奢民宿,曼天井村旁,22.038967,100.486786,4.3,"13578114879;+861056320612,74053",该酒店存在一定的安全风险，尤其是深夜周边安保和前台管理方面的问题。
a26978da-4f18-42e6-8949-624d108b6c24,轩逸酒店,景养路1号(财政局隔壁),21.952572,100.449994,4.8,0691-2021889,根据现有信息，勐海轩逸酒店在深夜周边安保、前台管理严谨性方面表现良好，未发现有关陌生人尾随或半夜敲门的负面记录。
a26978da-4f18-42e6-8949-624d108b6c24,勐海象山宾馆,象山路34号(邮政局对面),21.960077,100.448695,2.8,0691-5121667;18088066329,基于当前收集到的信息，勐海象山宾馆在深夜周边安保、前台管理和防止陌生人尾随或半夜敲门方面表现良好，未发现明显的负面评价。
a26978da-4f18-42e6-8949-624d108b6c24,勐海梦雅酒店(勐海县人民医院店),勐海镇象山路24号,21.958481,100.448666,4.7,0691-3086877;15887795767,基于现有信息，勐海梦雅酒店(勐海县人民医院店)在深夜周边安保、前台管理方面表现良好，未发现关于陌生人尾随或半夜敲门的相关负面评价。
a26978da-4f18-42e6-8949-624d108b6c24,兰葶春生民宿,西景线勐巴拉国际旅游度假区四期7栋7213号,21.978145,100.466344,4.8,18546630813;18661722787;18869108374,兰葶春生民宿在深夜周边安保及前台管理方面未见明显负面评价，但存在一定的噪音问题和服务细节上的不满。
a26978da-4f18-42e6-8949-624d108b6c24,勐海打落景易达酒店,打洛镇小学对面,21.697863,100.053658,4.7,0691-5566133;18780751988,勐海打落景易达酒店存在深夜周边安保措施不够严格及前台对入住人员的管理较为松散的问题，可能存在一定的安全隐患。
a26978da-4f18-42e6-8949-624d108b6c24,勐海玖居民宿,勐巴拉三期39栋101,21.977164,100.462279,4.7,15257459427,未发现关于勐海玖居民宿深夜周边安保、前台管理严谨性及陌生人尾随或半夜敲门的具体负面评价。
a26978da-4f18-42e6-8949-624d108b6c24,勐海茶城商务酒店,嘎海路27号,21.956341,100.444765,3.5,18008806681;18088066810,勐海茶城商务酒店在深夜周边安保、前台管理严谨性方面未发现明显负面评价，暂无陌生人尾随或半夜敲门记录。
a26978da-4f18-42e6-8949-624d108b6c24,羲和勐巴拉度假民宿,勐海镇勐巴拉度假区三期养心园31栋,21.977947,100.462187,4.7,0691-5187555;18383255759,该民宿存在明显的卫生和服务问题，但未直接提及深夜安保或陌生人尾随情况。
a26978da-4f18-42e6-8949-624d108b6c24,勐海星悦宾馆,勐满镇惠勐公路星火社区东150米,22.213782,100.117511,4.2,15894330777,勐海星悦宾馆整体安全性良好，但存在部分噪音问题及个别前台服务争议。
a26978da-4f18-42e6-8949-624d108b6c24,一叶民宿(打洛站),打洛镇曼芽村23号,21.7078,100.105539,4.6,"15368623048;+861056320612,16066045",基于现有信息，一叶民宿(打洛站)未发现深夜周边安保问题、前台管理疏忽或陌生人尾随及半夜敲门等安全隐患。
a26978da-4f18-42e6-8949-624d108b6c24,勐海野臻酒店(西双版纳傣族自治州西双版纳店),茶乡路,21.953366,100.441572,4.7,0691-3057177;0691-5162999;15368620299,根据现有信息，勐海野臻酒店在深夜周边安保、前台管理和防止陌生人尾随或半夜敲门方面表现良好，未发现明显安全风险。
a26978da-4f18-42e6-8949-624d108b6c24,勐海惠平酒店,佛双路镇政府后面,21.95324,100.442216,3.5,15752328981,基于现有信息，勐海惠平酒店在深夜周边安保、前台管理严谨性以及陌生人尾随或半夜敲门记录方面未发现明显负面评价。
a26978da-4f18-42e6-8949-624d108b6c24,勐海里河民宿,勐满镇城子村民族团结广场1号,22.193476,100.119639,4.5,14788007290;15125291939,勐海里河民宿存在一定的安全风险，尤其是深夜期间的周边安保和前台管理方面。
a26978da-4f18-42e6-8949-624d108b6c24,勐海远东宾馆,嘎海路9号,21.957092,100.444796,4.2,15752303720,勐海远东宾馆存在部分住客反映的深夜周边安保及前台管理问题，但未发现明确的陌生人尾随或半夜敲门记录。
a26978da-4f18-42e6-8949-624d108b6c24,勐海谱茶大酒店,勐海镇时代广场一期A2幢第三层A2-3-01号,21.962314,100.442801,3.2,0691-3065299,勐海谱茶大酒店存在一定的夜间噪音问题，且中央空调仅能制热，可能影响住客体验。
a26978da-4f18-42e6-8949-624d108b6c24,友良宾馆(勐海客运站店),勐海镇嘎海路29号,21.956338,100.444879,2.5,0691-5127578;15752340338,关于友良宾馆(勐海客运站店)，未找到明确的负面评论涉及深夜周边安保、前台管理不严谨或陌生人尾随及半夜敲门的情况。
a26978da-4f18-42e6-8949-624d108b6c24,勐遮安汇达酒店,勐遮镇新街33号,21.984306,100.271424,3.6,15014132437;17503011835,基于现有信息，未发现勐遮安汇达酒店存在显著的安全隐患。
a26978da-4f18-42e6-8949-624d108b6c24,A康老师栖梦民宿(西双版纳傣族自治州店),勐海镇冠城时代广场8栋冠城时代广场8栋1602,21.961472,100.442623,5.0,15257459427,基于当前可获取的信息，A康老师栖梦民宿(西双版纳傣族自治州店)在深夜周边安保、前台管理严谨性方面未发现明显负面评价，也无陌生人尾随或半夜敲门的相关记录。
a26978da-4f18-42e6-8949-624d108b6c24,炎州智能电竞酒店,冠城时代A10栋3楼,21.96125,100.442569,4.8,18008812255,根据现有信息，炎州智能电竞酒店在安全方面表现良好，未发现有关深夜周边安保问题、前台管理不严谨或陌生人尾随及半夜敲门的负面记录。
a26978da-4f18-42e6-8949-624d108b6c24,宏运宾馆,勐海勐遮寨惠勐公路勐遮汽车客运站东南150米,21.994533,100.264852,4.8,18213980874;18849617491,宏运宾馆在深夜安保方面没有明显负面评价，但存在个别关于前台服务态度和房间设施的问题。
a26978da-4f18-42e6-8949-624d108b6c24,傣吉祥民宿,勐海镇曼尾村委会曼尾村民69号,21.989665,100.49246,4.8,15388807856,根据当前可获取的信息，傣吉祥民宿在深夜周边安保、前台管理严谨性方面未发现明显问题，也没有关于陌生人尾随或半夜敲门的负面记录。
a26978da-4f18-42e6-8949-624d108b6c24,勐混新鑫宾馆,320省道附近,21.842895,100.386834,4.8,18587011821,基于现有信息，未发现关于勐混新鑫宾馆存在深夜周边安保问题、前台管理疏忽或陌生人尾随/半夜敲门等安全相关的负面评价。
a26978da-4f18-42e6-8949-624d108b6c24,A康老师恬然民宿(西双版纳傣族自治州店),勐海景管路金沙河畔栋1单元,21.964039,100.439604,5.0,15257459427,基于当前可获取的信息，未发现关于A康老师恬然民宿(西双版纳傣族自治州店)的明确负面评价，特别是针对深夜周边安保、前台管理严谨性及陌生人尾随或半夜敲门情况。因此，该住宿地点的安全风险较低。
a26978da-4f18-42e6-8949-624d108b6c24,海秦时光民宿旅店,勐海茗城1栋民宿旅店风景区民宿附近民宿推荐,21.966243,100.443365,4.8,18203359000,基于现有信息，海秦时光民宿在深夜周边安保、前台管理方面未发现明显问题，也没有陌生人尾随或半夜敲门的记录。
a26978da-4f18-42e6-8949-624d108b6c24,勐海迎宾宾馆,嘎海路7号,21.956427,100.445854,2.7,0691-5121136,勐海迎宾宾馆存在显著的安全与管理问题，包括但不限于房间设施老化、服务态度差等，但未直接提及深夜周边安保或陌生人尾随的具体案例。
a26978da-4f18-42e6-8949-624d108b6c24,胖三商务酒店,景买路11号,21.947661,100.432831,4.5,0691-3083688;18787944881,根据现有信息，未发现关于胖三商务酒店存在明显的安全问题报告。
a26978da-4f18-42e6-8949-624d108b6c24,勐海鑫源酒店,佛双路126号,21.948843,100.429021,3.7,0691-5180008;18770638561,勐海鑫源酒店存在一些影响住客体验的问题，特别是关于夜间噪音和空调功能限制的反馈。
a26978da-4f18-42e6-8949-624d108b6c24,勐巴拉秀木欣居度假民宿,勐巴拉三期8栋201室,21.977074,100.462493,4.7,18088112014,基于现有信息，未发现勐巴拉秀木欣居度假民宿存在明显的安全风险。
a26978da-4f18-42e6-8949-624d108b6c24,君来酒店,打洛路星乐幼儿园西北80米,21.67894,100.03786,4.8,18288038541,根据现有信息，未发现关于君来酒店在深夜周边安保、前台管理严谨性以及陌生人尾随或半夜敲门方面的负面评价。
a26978da-4f18-42e6-8949-624d108b6c24,勐海茶韵酒店,勐海镇景买路12号永明茶厂对面,21.948393,100.432233,3.6,15087637662,勐海茶韵酒店在安全方面表现较好，但存在一定的夜间噪音问题和服务响应上的轻微瑕疵。
a26978da-4f18-42e6-8949-624d108b6c24,寻茶民宿,勐满镇城子村委会曼贺东村民小组,22.238023,100.100529,4.8,13988172229,根据现有信息，未发现关于寻茶民宿深夜周边安保问题、前台管理不严谨或陌生人尾随/半夜敲门的负面记录。
a26978da-4f18-42e6-8949-624d108b6c24,勐海金帝宾馆,嘎海路6号,21.956441,100.44603,4.3,18079659594,基于现有信息，勐海金帝宾馆在深夜周边安保和前台管理方面表现良好，未发现有关陌生人尾随或半夜敲门的具体负面评价。
a26978da-4f18-42e6-8949-624d108b6c24,勐海河畔家庭民宿,金沙河畔5栋1单元17层1701号,21.962742,100.438823,4.4,18088112014;19116236023,未发现有关深夜周边安保问题、前台管理不严谨或陌生人尾随及半夜敲门的负面评价。
a26978da-4f18-42e6-8949-624d108b6c24,勐海祥和宾馆,嘎海路华天商务酒店旁,21.957139,100.445119,3.8,0691-5188080;15969186689,基于现有信息，勐海祥和宾馆在深夜周边安保及前台管理方面表现良好，未发现有关陌生人尾随或半夜敲门的安全隐患。
a26978da-4f18-42e6-8949-624d108b6c24,莞昌隆茶墅酒店,勐巴拉国际旅游度假区1期28幢,21.969558,100.462028,4.9,0691-8851288,莞昌隆茶墅酒店整体安全性良好，但存在对前台管理和周边环境的一些担忧。
a26978da-4f18-42e6-8949-624d108b6c24,齐俊轻奢酒店(西双版纳勐海店),嘎海路33号2栋1楼(近勐海客运站、勐巴拉),21.956403,100.444628,4.3,0691-5166668;19869687881,该酒店存在客房核心卫生不达标及会员权益保障不足的问题，但未发现深夜安保和前台管理方面的严重负面评价。
a26978da-4f18-42e6-8949-624d108b6c24,赢丰主题民宿,打洛镇景洛路980号,21.697748,100.053147,3.9,13759293333;18008814194,赢丰主题民宿存在一定的安全隐患及管理上的不足，需谨慎选择。
a26978da-4f18-42e6-8949-624d108b6c24,勐海八九零商务酒店,南海村10号(214国道佳茗茶汇后300米),21.955631,100.435471,2.9,13887901056,勐海八九零商务酒店在深夜周边安保及前台管理方面存在提升空间，但没有明确的陌生人尾随或半夜敲门记录。
a26978da-4f18-42e6-8949-624d108b6c24,勐海景佛大酒店,005乡道与214国道交叉口西北100米,21.945621,100.436639,2.3,0691-5164888;0691-5180331;19038916383,勐海景佛大酒店存在明显的安全顾虑，包括周边环境不安静、卫生条件差以及有客人反馈热水供应不稳定等问题。
a26978da-4f18-42e6-8949-624d108b6c24,湘南酒店,044乡道附近,21.841062,100.388017,3.0,13988107372,该酒店存在显著的安全隐患及卫生问题，前台管理不严谨，有报告指出深夜周边安保不足以及房间内设施维护不当。
a26978da-4f18-42e6-8949-624d108b6c24,福源达酒店,勐遮镇勐遮村勐遮大街50号,21.987509,100.270593,3.9,18787959346,基于当前可获取的信息，未发现有关福源达酒店在深夜周边安保、前台管理和陌生人尾随或半夜敲门方面的负面评价。
a26978da-4f18-42e6-8949-624d108b6c24,勐海宇通大酒店,K08县道与惠勐公路交叉口西60米,21.985817,100.270236,2.8,0691-5428888,勐海宇通大酒店整体评价较好，但存在个别住客对于深夜周边安保和前台管理严谨性方面的担忧。
a26978da-4f18-42e6-8949-624d108b6c24,金海宾馆(南海路店),南海路勐海汽车客运站南60米路西,21.956279,100.446618,4.1,0691-5121996;13408728544,存在深夜周边安保不严及前台对访客管理不够严谨的问题，需谨慎选择。
a26978da-4f18-42e6-8949-624d108b6c24,紫云宾馆,鑫海花园二期对面,21.956061,100.444327,3.6,0691-8990321;18895801946,基于当前可获取的信息，紫云宾馆在深夜周边安保、前台管理方面表现良好，未发现有陌生人尾随或半夜敲门的相关记录。
a26978da-4f18-42e6-8949-624d108b6c24,勐海川渝商务酒店,沿河路50号(保险公司对面),21.953939,100.448646,4.3,0691-8939222;13324980742,勐海川渝商务酒店存在一定的噪音问题以及管理上的小疏漏，但未发现直接威胁到女性旅行者安全的严重问题。
a26978da-4f18-42e6-8949-624d108b6c24,大曼扁商务酒店,勐满镇大曼扁路进去200米,22.17635,100.12536,2.9,13988139293;15368616444,根据现有信息，未发现关于深夜周边安保、前台管理严谨性以及陌生人尾随或半夜敲门的负面评价。
a26978da-4f18-42e6-8949-624d108b6c24,佳合商务酒店,气象局8号(勐海民族医院)向前100米,21.949413,100.445741,3.2,0691-5168222,未找到关于佳合商务酒店深夜周边安保、前台管理不严谨或陌生人尾随/半夜敲门的相关负面评价。
a26978da-4f18-42e6-8949-624d108b6c24,勐海82号宾馆,象山路49号(佛海医院旁),21.96087,100.448176,2.4,13388816416;15368622224,根据当前可获取的信息，勐海82号宾馆在深夜周边安保及前台管理方面未发现明显负面评价，且没有陌生人尾随或半夜敲门的相关记录。
a26978da-4f18-42e6-8949-624d108b6c24,宜家大酒店,勐混镇,21.834348,100.384606,4.0,0691-5511595,未找到关于宜家大酒店在携程、小红书及大众点评上的具体负面评价，特别是关于深夜周边安保、前台管理严谨性以及陌生人尾随或半夜敲门的相关记录。
a26978da-4f18-42e6-8949-624d108b6c24,宋都大酒店,勐宋乡曼迈村委会曼方路2号2栋,22.052546,100.561035,3.0,13988145378;18206910111,"根据现有信息,没有发现关于宋都大酒店在深夜周边安保、前台管理严谨性以及陌生人尾随或半夜敲门方面存在显著风险的直接负面评价。"
a26978da-4f18-42e6-8949-624d108b6c24,勐海富临宾馆,嘎海路9号附2号,21.956595,100.444613,3.1,0691-5127328;18720922174,未发现关于勐海富临宾馆深夜周边安保、前台管理及陌生人尾随或半夜敲门的相关负面评价。
a26978da-4f18-42e6-8949-624d108b6c24,勐海友聚酒店,佛双社区嘎海路9号,21.957173,100.444825,3.1,18288051358,勐海友聚酒店存在一定程度的安全隐患，包括深夜周边安全性和前台服务响应速度有待提高。
a26978da-4f18-42e6-8949-624d108b6c24,南门大酒店(曼贺路),勐混路与佛双路交叉口南40米,21.953198,100.446648,3.9,0691-5123886,没有找到关于南门大酒店(曼贺路)的具体负面评价，特别是针对深夜周边安保、前台管理严谨性以及陌生人尾随或半夜敲门记录的相关信息。
a26978da-4f18-42e6-8949-624d108b6c24,勐海南方宾馆,嘎海路3号4栋,21.95649,100.446469,2.2,0691-3065182;15279621230,未找到关于勐海南方宾馆的特定负面评价，尤其是关于深夜周边安保、前台管理严谨性以及陌生人尾随或半夜敲门的相关记录。
a26978da-4f18-42e6-8949-624d108b6c24,勐海恒发宾馆,嘎海路23号,21.956338,100.445434,2.3,15388800080,勐海恒发宾馆在深夜周边安全及前台管理方面表现良好，未发现陌生人尾随或半夜敲门等严重安全隐患。
a26978da-4f18-42e6-8949-624d108b6c24,勐巴拉梵叶居客栈,梵叶居民宿,21.971152,100.463023,4.1,18313210880,勐巴拉梵叶居客栈在深夜周边安保、前台管理和防止陌生人尾随或半夜敲门方面表现良好，未发现显著风险。
a26978da-4f18-42e6-8949-624d108b6c24,悦然宾馆,勐海镇嘎海路5号,21.956263,100.445902,4.5,13065118793,未发现关于悦然宾馆在深夜周边安保、前台管理严谨性以及陌生人尾随或半夜敲门方面的问题。
a26978da-4f18-42e6-8949-624d108b6c24,勐海傣香宾馆,勐遮镇农业银行斜对面,21.997112,100.262135,2.3,0691-5423357;13988149831,勐海傣香宾馆在深夜周边安全性和前台管理严谨性方面存在改进空间。
a26978da-4f18-42e6-8949-624d108b6c24,涵舍温泉民宿,勐巴拉2期8103,21.972543,100.466427,4.8,15257459427,根据当前可获取的信息，涵舍温泉民宿在深夜周边安保及前台管理方面表现良好，未发现有关陌生人尾随或半夜敲门的负面记录。
a26978da-4f18-42e6-8949-624d108b6c24,勐海南峤酒店,勐遮镇西景线G214国道三哥烧烤北50米,21.985846,100.269795,4.0,15198441112,未找到关于勐海南峤酒店的安全相关负面评价。
a26978da-4f18-42e6-8949-624d108b6c24,海尾民宿农家乐,勐海镇曼尾村143号,21.989861,100.493403,4.7,18206906105,基于现有信息，海尾民宿农家乐在深夜周边安保及前台管理方面表现良好，未发现陌生人尾随或半夜敲门记录。
a26978da-4f18-42e6-8949-624d108b6c24,茂盛源酒店,勐海镇景囡街A1号,21.97961,100.426625,4.4,0691-3057677;18787926451,基于可获取的信息，茂盛源酒店在深夜周边安保、前台管理和防止陌生人尾随或半夜敲门方面表现良好，未发现显著风险。
a26978da-4f18-42e6-8949-624d108b6c24,A康老师清韵民宿(西双版纳傣族自治州店),勐海景管路金沙河畔栋1单元,21.964039,100.439604,4.8,15257459427,该民宿存在一定的安全风险，特别是深夜周边安保措施不足及前台管理不够严谨的问题。
a26978da-4f18-42e6-8949-624d108b6c24,勐海县鑫鹏商务酒店,S320曼轰村委会西北方向约50米处,21.743893,100.187947,4.6,18206931849,基于现有信息，勐海县鑫鹏商务酒店在安全方面表现良好，没有发现关于深夜周边安保问题、前台管理不严谨或陌生人尾随/半夜敲门的负面评价。
a26978da-4f18-42e6-8949-624d108b6c24,勐海打洛东方商务酒店,勐海打洛镇商贸街C栋2-5层,21.69725,100.053907,4.4,0691-5566515,勐海打洛东方商务酒店在安全方面未发现明显负面评价，但存在Wi-Fi连接不稳定和隔音效果一般的问题。
a26978da-4f18-42e6-8949-624d108b6c24,勐海金鑫商务宾馆,佛双路80号,21.952027,100.441839,4.2,0691-5190033,勐海金鑫商务宾馆存在一定的安全隐患，包括深夜周边安保不足及前台管理上的疏漏。
a26978da-4f18-42e6-8949-624d108b6c24,勐海涵舍民宿(景管路分店),景管路卓桓房产(冠城店)冠城时代广场,21.961445,100.443298,4.1,"+861056320612,5757641",未发现勐海涵舍民宿(景管路分店)存在深夜周边安保问题、前台管理疏忽或陌生人尾随及半夜敲门的记录。
a26978da-4f18-42e6-8949-624d108b6c24,黑妞古茶园雨林民宿(格朗和哈尼族乡格朗和乡南糯山村委会多依寨村民小组店),格朗和乡南糯山村委会多依寨村民小组,21.919099,100.590482,4.1,0691-5134098;18164642222,基于当前可获取的信息，未发现关于黑妞古茶园雨林民宿在深夜周边安保、前台管理严谨性以及陌生人尾随或半夜敲门方面的负面评价。
a26978da-4f18-42e6-8949-624d108b6c24,韶居·山景民宿,南糯山水河寨50号,21.969288,100.575664,3.9,18034161949,根据当前可获取的信息，未发现关于韶居·山景民宿的负面评价，特别是在深夜周边安保、前台管理和陌生人尾随或半夜敲门方面的记录。
a26978da-4f18-42e6-8949-624d108b6c24,勐海县依庭酒店,雨林大道与七彩大道交叉口西180米,21.955847,100.436134,2.1,18088066810,基于现有信息，勐海县依庭酒店在深夜周边安保及前台管理方面未发现明显问题。
a26978da-4f18-42e6-8949-624d108b6c24,熙贵精品酒店,075乡道西南侧,21.697324,100.055138,4.7,[],基于现有信息，未发现关于熙贵精品酒店深夜周边安保、前台管理以及陌生人尾随或半夜敲门的负面评价。
a26978da-4f18-42e6-8949-624d108b6c24,吉祥宾馆(南海路店),勐海镇佛双社区嘎海路11号,21.956141,100.446465,2.7,13231232691;14736777364,基于当前可获取的信息，未发现关于吉祥宾馆(南海路店)的负面评价，特别是针对深夜周边安保、前台管理和陌生人尾随或半夜敲门记录方面的问题。
a26978da-4f18-42e6-8949-624d108b6c24,云景楼民宿(格南线分店),南糯山村丫口新寨13号,21.927665,100.602988,4.2,"13085309956;+861056320612,29092534",该酒店存在一定的安全隐患和服务管理问题，建议谨慎选择。
a26978da-4f18-42e6-8949-624d108b6c24,如家驿居酒店(勐海客运站店),佛双路14号(勐海汽车客运站旁),21.954218,100.445463,4.0,0691-5138999,基于现有信息，没有发现关于深夜周边安保问题、前台管理不严谨或陌生人尾随/半夜敲门的负面评价。
a26978da-4f18-42e6-8949-624d108b6c24,A康老师小舍民宿(西双版纳傣族自治州店),勐海西双版纳镇1单元,21.973625,100.465622,5.0,15257459427,基于现有信息，未发现关于A康老师小舍民宿(西双版纳傣族自治州店)的负面评价涉及深夜周边安保、前台管理严谨性或陌生人尾随/半夜敲门记录的问题。
a26978da-4f18-42e6-8949-624d108b6c24,勐海金源宾馆,茶乡路和谐酒店旁,21.953472,100.442195,2.6,15752074998,根据现有信息，勐海金源宾馆在深夜周边安保和前台管理方面未发现明显问题，也没有关于陌生人尾随或半夜敲门的具体负面反馈。
a26978da-4f18-42e6-8949-624d108b6c24,勐海莎里小憩民宿,嘎海路20号浩宇大城37幢307-410号,21.958966,100.439089,3.5,"17708815008;18988183373;+862126137886,27855325","根据现有信息,勐海莎里小憩民宿未发现明显安全隐患,住客反馈积极。"
a26978da-4f18-42e6-8949-624d108b6c24,舒心苑温泉度假别墅,勐巴拉国际旅游度假区二期8206号(悦椿温泉度假酒店旁),21.973714,100.465473,4.5,"13601191398;+861056320612,36867868",舒心苑温泉度假别墅整体安全性较高，但存在少量关于前台管理和无烟政策执行不力的负面反馈。
a26978da-4f18-42e6-8949-624d108b6c24,醉了眸民宿酒店,格朗和乡南糯山村委会半坡老寨91号,21.946149,100.606933,4.6,13378811166,未发现关于深夜周边安保问题、前台管理疏忽或陌生人尾随/半夜敲门的负面记录。
a26978da-4f18-42e6-8949-624d108b6c24,南糯哈尼姑娘小木楼民宿,格朗和乡南糯山半坡老寨不到1公里处,21.939482,100.595351,4.3,13888408371,该酒店在安全方面未发现明显问题，但存在服务和设施上的不足。
a26978da-4f18-42e6-8949-624d108b6c24,A康老师小栈民宿(西双版纳傣族自治州店),勐海西双版纳龙港·金沙河畔1单元,21.961667,100.439743,4.8,15257459427,根据现有信息，A康老师小栈民宿(西双版纳傣族自治州店)没有明确记录显示存在深夜周边安保问题、前台管理不严谨或陌生人尾随及半夜敲门的情况。
a26978da-4f18-42e6-8949-624d108b6c24,勐海电力宾馆,佛双路23号,21.952155,100.443974,4.1,[],基于现有信息，勐海电力宾馆在深夜周边安保及前台管理方面未发现明显负面评价。
a26978da-4f18-42e6-8949-624d108b6c24,勐海粮苑宾馆,嘎海路1号,21.956982,100.447818,4.1,0691-5190168,关于勐海粮苑宾馆的安全审计，目前网络上缺乏具体针对深夜周边安保、前台管理严谨性以及陌生人尾随或半夜敲门事件的直接负面评价。建议进一步收集更多住客反馈以全面评估。
a26978da-4f18-42e6-8949-624d108b6c24,西双版纳安纳塔拉度假酒店,勐仑镇,21.927411,101.244829,4.6,0691-8936666,基于现有信息，西双版纳安纳塔拉度假酒店在深夜周边安保及前台管理方面表现良好，未发现有关陌生人尾随或半夜敲门的安全隐患报告。
a26978da-4f18-42e6-8949-624d108b6c24,西双版纳王莲酒店,213国道萌生植物园东北侧,21.925451,101.258573,4.6,0691-8715043;0691-8716088;0691-8717066,西双版纳王莲酒店存在一定的安全风险，包括深夜周边安保措施不够完善及前台管理存在漏洞。
a26978da-4f18-42e6-8949-624d108b6c24,云美庭酒店,勐仑镇人民路75号中科院西双版纳植物园500米处勐仑镇人民政府对面,21.935174,101.248338,4.9,0691-8715889;15087605092,云美庭酒店存在一定的安全风险，尤其是在夜间管理和应急响应方面。
a26978da-4f18-42e6-8949-624d108b6c24,FOSTIANO·福斯蒂亚诺酒店(西双版纳勐腊店),小磨路2号冠城榕树湾小区E幢101室,21.462601,101.575461,4.6,0691-8128888,该酒店在安全方面整体表现良好，但存在一些关于深夜周边安保和前台管理严谨性的反馈。
a26978da-4f18-42e6-8949-624d108b6c24,维也纳酒店(西双版纳勐腊中心店),勐腊镇新城社区雨林路89号,21.462083,101.568437,4.6,"0691-3088808;0691-8938888;0691-3088808,0",未发现关于深夜周边安保、前台管理及陌生人尾随或半夜敲门的重大负面评价。
a26978da-4f18-42e6-8949-624d108b6c24,季酒店(西双版纳勐腊南腊河雨林大道店),平安路勐腊汽车客运站西北74米,21.456939,101.567172,4.4,18822852506,未发现关于深夜周边安保问题、前台管理不严谨或陌生人尾随/半夜敲门的负面评价。
a26978da-4f18-42e6-8949-624d108b6c24,亚兰蒂斯度假酒店(勐腊县店),海城南腊湾A12栋,21.471454,101.570903,4.8,18679478686,根据现有信息，亚兰蒂斯度假酒店(勐腊县店)在深夜周边安保和前台管理方面表现较好，未发现有陌生人尾随或半夜敲门的负面记录。
a26978da-4f18-42e6-8949-624d108b6c24,麗枫酒店(磨憨口岸店),磨憨镇东盟大道1001号,21.195463,101.693877,4.6,0691-8986699,根据现有信息，麗枫酒店(磨憨口岸店)在深夜周边安保及前台管理方面未见明显负面评价，暂无陌生人尾随或半夜敲门的记录报告。
a26978da-4f18-42e6-8949-624d108b6c24,和锦大酒店,雨林大道碧海云天商业区12幢,21.454104,101.563392,4.5,0691-8121888,存在关于深夜周边安全性和前台管理严谨性的负面反馈，但未发现明确的陌生人尾随或半夜敲门记录。
a26978da-4f18-42e6-8949-624d108b6c24,勐腊铂度酒店(南腊河星光夜市店),南腊新区泼水广场东70米,21.480216,101.573854,4.7,14736772846,勐腊铂度酒店(南腊河星光夜市店)未发现关于深夜周边安保、前台管理不严谨或陌生人尾随/半夜敲门的相关负面评价。
a26978da-4f18-42e6-8949-624d108b6c24,如枫酒店(西双版纳勐腊新城民族体育馆店),勐腊镇新城社区滨河东路158号,21.453953,101.566442,4.7,0691-8122088;19306918889,根据现有信息，未发现关于深夜周边安保问题、前台管理不严谨或陌生人尾随及半夜敲门的负面评价。
a26978da-4f18-42e6-8949-624d108b6c24,雲澜居民宿(勐仑镇店),勐仑镇纳贺科路203号,21.934179,101.250249,4.8,0691-8715969,根据现有信息，未发现关于深夜周边安保、前台管理严谨性以及陌生人尾随或半夜敲门的具体负面评价。
a26978da-4f18-42e6-8949-624d108b6c24,勐腊景兰大酒店,新城区新政府大楼对面,21.459255,101.568985,4.5,0691-8991666,勐腊景兰大酒店整体评价较好，但有提及到关于深夜周围环境的安全性和前台管理方面的担忧。
a26978da-4f18-42e6-8949-624d108b6c24,南腊河帕雅度假酒店,勐腊曼龙勒村,21.535423,101.597941,4.6,0691-8133336,该酒店整体环境优雅且安静，但存在一定的管理和服务态度问题，未发现直接的深夜安保或陌生人尾随/半夜敲门的相关负面评价。
a26978da-4f18-42e6-8949-624d108b6c24,勐腊县朗廷大酒店,雨林大道89号,21.46283,101.568454,4.5,0691-8168888,勐腊县朗廷大酒店整体安全性较好，但存在个别关于深夜安全及服务态度的负面反馈。
a26978da-4f18-42e6-8949-624d108b6c24,勐腊县勐仑春林宾馆,勐仑镇雨林路75号,21.932736,101.253753,4.5,0691-8715681,根据现有信息，勐腊县勐仑春林宾馆在深夜周边安保及前台管理方面表现良好，未发现关于陌生人尾随或半夜敲门的相关负面评价。
a26978da-4f18-42e6-8949-624d108b6c24,勐腊顺阖酒店,勐腊南路金领尚城6-2栋,21.469068,101.565878,4.5,0691-3068388,勐腊顺阖酒店在深夜周边安保及前台管理方面未发现明显问题，且没有找到陌生人尾随或半夜敲门的相关记录。
a26978da-4f18-42e6-8949-624d108b6c24,勐腊勐仑海仑假日酒店,勐仑镇龙辉广场1号,21.935233,101.247113,4.2,0691-8839999,基于当前可获取的信息，勐腊勐仑海仑假日酒店在深夜周边安保、前台管理严谨性方面未发现明显负面评价。关于陌生人尾随或半夜敲门的情况也没有具体记录。
a26978da-4f18-42e6-8949-624d108b6c24,勐腊曦月星文旅酒店,南腊新区南腊湾B区10栋,21.470589,101.570822,4.8,0691-8749999;15368610035,根据现有信息，勐腊曦月星文旅酒店在深夜周边安保及前台管理方面表现良好，未发现陌生人尾随或半夜敲门的记录。
a26978da-4f18-42e6-8949-624d108b6c24,鹏基大酒店,曼它拉路189号,21.480277,101.567118,4.3,0691-8133666;0691-8136188,鹏基大酒店存在深夜周边安全性和前台管理上的隐患，建议加强夜间巡逻和提高前台对访客的审查标准。
a26978da-4f18-42e6-8949-624d108b6c24,西双版纳勐腊南雅湾度假酒店(南腊河星光夜市店),南腊湾A1栋,21.470761,101.570389,4.8,0691-8856666,该酒店整体评价良好，但存在前台管理和部分环境卫生问题，未发现深夜安保及陌生人尾随或半夜敲门记录。
a26978da-4f18-42e6-8949-624d108b6c24,金江源假日酒店,勐仑镇老电影院(西双版纳热带植物园西门),21.934797,101.254915,4.3,0691-8717555,金江源假日酒店存在关于卫生状况和服务质量的负面反馈，但未直接提及深夜周边安保问题或陌生人尾随及半夜敲门记录。
a26978da-4f18-42e6-8949-624d108b6c24,蔷语精品度假酒店,勐仑镇馨园路南滨江一号,21.932891,101.250899,4.4,0691-3016788,根据现有信息，未发现关于蔷语精品度假酒店深夜周边安保、前台管理严谨性以及陌生人尾随或半夜敲门记录的负面评价。
a26978da-4f18-42e6-8949-624d108b6c24,勐腊茶廷假日酒店,滨河东路169号,21.453884,101.566465,4.2,0691-8788999;13211836113,勐腊茶廷假日酒店在安全方面表现良好，未发现深夜周边安保问题、前台管理不严谨或陌生人尾随及半夜敲门的负面评价。
a26978da-4f18-42e6-8949-624d108b6c24,良栖云舍商务酒店(西双版纳勐腊南腊河店),南腊湾B区8栋,21.469613,101.57118,4.8,0691-8858777;13787064573,未发现关于深夜周边安保、前台管理不严谨或陌生人尾随/半夜敲门的相关负面评价。
a26978da-4f18-42e6-8949-624d108b6c24,乌兰纳森林度假酒店,勐仑镇G213(兰磨线),21.940049,101.238496,4.4,13759263266;18608816912,乌兰纳森林度假酒店存在明显的卫生问题和服务态度不佳的报告，但未发现关于深夜安保、前台管理和陌生人骚扰的具体负面评价。
a26978da-4f18-42e6-8949-624d108b6c24,曼城精品酒店(西双版纳勐腊雨林大道店),南腊新城铭城小区3栋,21.461815,101.569902,4.7,0691-8935588;18288047577,该酒店存在一定的安全风险，特别是关于陌生人尾随和安保人员响应不及时的问题。
a26978da-4f18-42e6-8949-624d108b6c24,华尚酒店(磨憨站店),磨憨镇尚勇街道综合楼101号,21.240229,101.712538,4.7,17817719677,该酒店存在明显的卫生和服务问题，但未发现直接关于深夜安保、前台管理不严谨或陌生人尾随及半夜敲门的负面评价。
a26978da-4f18-42e6-8949-624d108b6c24,艺朵酒店(南腊河星光夜市店),勐腊镇南腊新区泼水广场东50米,21.480133,101.573493,4.8,0691-3080096;15393933692,"基于现有信息,艺朵酒店(南腊河星光夜市店)在深夜周边安保、前台管理和防止陌生人尾随或半夜敲门方面表现良好,未发现明确的安全隐患报告。"
a26978da-4f18-42e6-8949-624d108b6c24,维佳酒店(南腊河星光夜市店),勐腊镇南腊湾B区11栋,21.470733,101.571301,4.8,0691-8850888;13487575581,未发现关于深夜周边安保问题、前台管理不严谨或陌生人尾随/半夜敲门的负面评价。
a26978da-4f18-42e6-8949-624d108b6c24,勐腊盛昌大酒店,中心路水岸时光47幢,21.457017,101.570806,4.4,0691-8718999,基于现有信息，勐腊盛昌大酒店在深夜周边安保及前台管理方面表现良好，未发现有陌生人尾随或半夜敲门的记录。
a26978da-4f18-42e6-8949-624d108b6c24,雨林居酒店(西双版纳勐腊客运站店),新城政府对面,21.45828,101.56731,4.4,0691-3028666;0691-3028777,基于当前可获取的信息，雨林居酒店(西双版纳勐腊客运站店)在深夜周边安保、前台管理和防止陌生人尾随或半夜敲门方面表现良好。
a26978da-4f18-42e6-8949-624d108b6c24,尚逸酒店(勐腊泼水广场店),迎宾路昆曼新天地1栋1单元1楼,21.475674,101.567253,4.3,0691-3038888;15368621819,尚逸酒店(勐腊泼水广场店)整体安全状况良好，但存在关于深夜周边安全和前台响应速度的负面反馈。
a26978da-4f18-42e6-8949-624d108b6c24,勐腊云帆假日酒店,驾培路8号30室,21.462595,101.569795,4.6,0691-8127766,基于现有信息，勐腊云帆假日酒店在深夜周边安保、前台管理等方面表现良好，未发现陌生人尾随或半夜敲门等安全问题。
a26978da-4f18-42e6-8949-624d108b6c24,勐腊云鑫时代酒店,勐仑镇曼边村委会曼炸综合市场圣爱门诊向南方向10米,21.933049,101.250946,4.4,0691-3060600;19969108899,勐腊云鑫时代酒店在深夜周边安保及前台管理方面存在改进空间，但未发现直接关于陌生人尾随或半夜敲门的负面记录。
a26978da-4f18-42e6-8949-624d108b6c24,希尔曼精选酒店,217-223号,21.452495,101.564205,4.4,0691-8936555;14788085591,该酒店存在深夜周边安全及前台管理方面的隐患。
a26978da-4f18-42e6-8949-624d108b6c24,香榭酒店,曼它拉路茶马街农贸市场对面,21.485439,101.568895,4.3,"0691-8138388;+861056320612,3712381",根据现有信息，香榭之约幕泊轻奢酒店在深夜周边安保、前台管理方面没有明显的负面反馈，未发现陌生人尾随或半夜敲门记录的报告。
a26978da-4f18-42e6-8949-624d108b6c24,勐腊凯怡精品酒店,勐腊南路89号,21.473908,101.567815,4.4,0691-8786888;13619413811,勐腊凯怡精品酒店未发现明显关于深夜周边安保、前台管理严谨性及陌生人尾随或半夜敲门的安全问题报告。
a26978da-4f18-42e6-8949-624d108b6c24,勐腊哉雅格哈酒店,碧海云天财富中心13栋(近213国道),21.454966,101.563817,4.8,0691-8934666,"根据现有信息,勐腊哉雅格哈酒店在深夜周边安保、前台管理方面表现良好，未发现陌生人尾随或半夜敲门的负面记录。"
a26978da-4f18-42e6-8949-624d108b6c24,勐腊悦阖酒店,金领尚城3-104,21.467336,101.565391,4.4,0691-3063366,基于当前可获取的信息，未发现勐腊悦阖酒店存在明显的安全风险。
a26978da-4f18-42e6-8949-624d108b6c24,勐腊博识达酒店(勐仑店),勐仑镇馨园路,21.93404,101.251798,4.4,0691-8717777,未发现关于深夜周边安保、前台管理不严谨或陌生人尾随/半夜敲门的负面评价。
a26978da-4f18-42e6-8949-624d108b6c24,居易智慧酒店(磨憨口岸店),磨憨磨丁合作区磨憨镇口岸社区居委会鑫岚国际财富中心C22幢,21.193015,101.691306,4.9,0691-8858188;19008817799,基于现有信息，居易智慧酒店(磨憨口岸店)在安全方面表现良好，未发现深夜周边安保问题、前台管理疏忽或陌生人尾随及半夜敲门的相关负面评价。
a26978da-4f18-42e6-8949-624d108b6c24,雲沐兮酒店(南腊河星光夜市店),勐腊镇青年路南腊新区29地块20栋,21.481203,101.576289,4.8,0691-3068966;15087610608,"根据现有信息,雲沐兮酒店(南腊河星光夜市店)在深夜周边安保及前台管理方面表现良好,未发现关于陌生人尾随或半夜敲门的相关负面评价。"
a26978da-4f18-42e6-8949-624d108b6c24,滨江酒店,中国农业银行(勐腊勐仑支行)东50米,21.933235,101.253073,4.5,15718708923;15886484486,根据现有信息，滨江酒店在深夜周边安保、前台管理方面未见明显问题报告，也无陌生人尾随或半夜敲门的相关记录。
a26978da-4f18-42e6-8949-624d108b6c24,北纬21度假日酒店,一号公馆三期11-1,21.463297,101.567249,4.4,0691-8812222;19969169898,根据当前可获取的信息，北纬21度假日酒店在深夜周边安保及前台管理方面表现良好，未发现有关陌生人尾随或半夜敲门的负面记录。
a26978da-4f18-42e6-8949-624d108b6c24,梦香民宿,勐仑镇城子村委会曼俄村2号,21.928146,101.230901,4.8,15334305668,存在一定的安全隐患及管理不严谨的问题，但未发现明确的深夜安保或陌生人尾随记录。
a26978da-4f18-42e6-8949-624d108b6c24,磨憨口岸瑞莱客假日酒店,渔洞,21.192612,101.692001,4.3,0691-3060608;18229860266;18288009216,"错误: Error code: 400 - {'error': {'message': 'Access denied, please make sure your account is in good standing. For details, see: https://help.aliyun.com/zh/model-studio/error-code#overdue-payment', 'type': 'Arrearage', 'param': None, 'code': 'Arrearage'}, 'id': 'chatcmpl-8a0c3ef3-a4e4-9e94-a0e7-b645427f94fd', 'request_id': '8a0c3ef3-a4e4-9e94-a0e7-b645427f94fd'}"
a26978da-4f18-42e6-8949-624d108b6c24,勐腊宝乐大酒店,勐仑镇曼边村委会曼炸村87号,21.932251,101.249336,4.4,0691-8716668;13021222635,勐腊宝乐大酒店在安全方面表现良好，未发现深夜周边安保问题、前台管理疏忽或陌生人尾随及半夜敲门的相关负面评价。
a26978da-4f18-42e6-8949-624d108b6c24,勐腊义来酒店,磨憨边贸区火焰路一号,21.188468,101.689962,4.1,0691-8811018;0691-8811137,基于现有信息，勐腊义来酒店在深夜周边安保、前台管理方面表现良好，未发现陌生人尾随或半夜敲门等安全问题。
a26978da-4f18-42e6-8949-624d108b6c24,紫就商务酒店,金都时代广场A3栋(近青年路),21.477991,101.569961,3.9,0691-8135999,未能找到关于紫就商务酒店在携程、小红书及大众点评上的具体负面评价，特别是针对深夜周边安保、前台管理严谨性以及陌生人尾随或半夜敲门记录的反馈。
a26978da-4f18-42e6-8949-624d108b6c24,憬泰大酒店(西双版纳勐腊汽车客运站店),勐腊新城行(金阁慢摇吧隔壁),21.459623,101.567437,4.3,13766295643,根据现有信息，憬泰大酒店(西双版纳勐腊汽车客运站店)在深夜周边安保及前台管理方面未发现明显问题，也无陌生人尾随或半夜敲门的记录报告。
a26978da-4f18-42e6-8949-624d108b6c24,勐腊锦绣大酒店,景岗社区正街93号,21.480509,101.565066,4.2,0691-8876666,根据现有信息，勐腊锦绣大酒店未发现深夜周边安保问题、前台管理松懈或陌生人尾随及半夜敲门的相关负面评价。
a26978da-4f18-42e6-8949-624d108b6c24,勐腊泓远时代酒店(磨憨口岸店),东盟大道6号,21.188783,101.690863,4.3,0691-8879999,勐腊泓远时代酒店(磨憨口岸店)整体评价较好，但存在一定的隔音问题和个别房间的卫生状况不佳。
a26978da-4f18-42e6-8949-624d108b6c24,星空飞行营地帐篷酒店,星空飞行营地,21.932772,101.242465,4.1,13388844833;13888877522,星空飞行帐篷营地在安全方面表现良好，但存在轻微的深夜安保和隔音问题。
a26978da-4f18-42e6-8949-624d108b6c24,勐腊家毅民宿,勐腊镇下龙茵村,21.421325,101.584891,4.7,15012126722,勐腊家毅民宿存在严重的卫生和设施维护问题，对住客安全构成潜在风险。
a26978da-4f18-42e6-8949-624d108b6c24,万联酒店,雨林大道116号,21.461228,101.567317,4.7,0691-8935222,根据现有信息，万联酒店在深夜周边安保及前台管理方面表现良好，未发现陌生人尾随或半夜敲门的记录。
a26978da-4f18-42e6-8949-624d108b6c24,文彦民宿,勐仑镇兴仑路208号,21.934171,101.248787,4.6,"15198447826;15812158976;+861056320612,15266878",根据现有信息，勐仑文彦民宿在深夜周边安保、前台管理方面表现良好，未发现关于陌生人尾随或半夜敲门的负面评价。
a26978da-4f18-42e6-8949-624d108b6c24,西双版纳丽景大酒店有限责任公司,东盟大道大丰商贸城内,21.191895,101.692588,4.7,0691-8812466;13988107127,根据现有信息，西双版纳丽景大酒店有限责任公司在深夜周边安保及前台管理方面表现良好，未发现陌生人尾随或半夜敲门的相关负面评价。
a26978da-4f18-42e6-8949-624d108b6c24,西双版纳勐腊温鑫傣香苑民宿(勐仑店),勐仑镇城子村委会二组39号,21.923472,101.243434,4.7,15924688898;18988104530,未发现与深夜周边安保、前台管理严谨性以及陌生人尾随或半夜敲门相关的负面评价。
a26978da-4f18-42e6-8949-624d108b6c24,云品尚酒店,勐仑镇百香路151号,21.934484,101.254865,4.6,13208815580,基于现有信息，云品尚酒店在女性旅行安全方面表现良好，但存在一些关于深夜周边安保和前台服务态度的轻微担忧。
a26978da-4f18-42e6-8949-624d108b6c24,勐腊蔓齐智能酒店,磨憨村委会南北水果市场1幢,21.225159,101.704544,4.6,13187834668;15198416563,基于提供的信息，未发现关于勐腊蔓齐智能酒店在深夜周边安保、前台管理和陌生人尾随或半夜敲门方面的负面评价。
a26978da-4f18-42e6-8949-624d108b6c24,勐腊蓝纳度假酒店(中科院热带植物园店),勐仑镇人民路1号(近植物园西门),21.935366,101.248419,4.5,0691-8716999;15125688223,基于现有信息，勐腊蓝纳度假酒店(中科院热带植物园店)在深夜周边安保和前台管理方面表现良好，未发现有陌生人尾随或半夜敲门的记录。
a26978da-4f18-42e6-8949-624d108b6c24,勐腊云鹏大酒店,磨憨管委会对面,21.2051,101.703633,4.7,15198683388,勐腊云鹏大酒店在安全方面没有明显的负面评价，但存在关于房间及公共区域清洁度和设施状态的投诉。
a26978da-4f18-42e6-8949-624d108b6c24,翔龙宾馆(植物园店),勐仑镇勐仑新街(紧邻勐仑镇政府),21.934741,101.248946,3.8,0691-8715127;18988108046,根据现有信息，未发现关于翔龙宾馆(植物园店)的负面评价涉及深夜周边安保、前台管理不严谨或陌生人尾随及半夜敲门的情况。
a26978da-4f18-42e6-8949-624d108b6c24,锦鸿宾馆(勐仑店),勐仑老街(中学路口),21.934323,101.255555,4.5,0691-8715388;18312665280,锦鸿宾馆(勐仑店)存在显著的安保与管理隐患，可能影响住客安全。
a26978da-4f18-42e6-8949-624d108b6c24,勐腊傣丽丽酒店,勐仑镇曼炸村71号,21.933555,101.251071,4.2,18711417569,勐腊傣丽丽酒店存在一定的安全风险，特别是在夜间安保和前台管理方面有待提升。
a26978da-4f18-42e6-8949-624d108b6c24,勐腊湘汇商务酒店,新城县镇府旁,21.461955,101.567531,4.1,15752341219;18787972922,基于现有信息，勐腊湘汇商务酒店在深夜周边安保及前台管理方面表现良好，未发现有关陌生人尾随或半夜敲门的负面记录。
a26978da-4f18-42e6-8949-624d108b6c24,锦熙酒店(中国科学院西双版纳热带植物园店),勐仑镇城子村委会曼安村00号1栋,21.910157,101.263484,4.3,13730759077,根据现有信息，锦熙酒店(中国科学院西双版纳热带植物园店)在深夜周边安保及前台管理方面表现良好，未发现陌生人尾随或半夜敲门的记录。
a26978da-4f18-42e6-8949-624d108b6c24,华廷酒店(西双版纳磨憨店),磨憨经济开发区火焰路12号,21.188518,101.690399,3.3,0691-8717888;15198432673;15608815566,华廷酒店(西双版纳磨憨店)存在一定的安全风险，尤其是在夜间安保和前台管理方面。
a26978da-4f18-42e6-8949-624d108b6c24,磨憨大酒店,磨憨经济开发区东盟大道451号,21.18906,101.689694,3.6,0691-8811560;15608815566;18206912998,未能找到关于磨憨大酒店在深夜周边安保、前台管理严谨性以及陌生人尾随或半夜敲门记录的具体负面评价。
a26978da-4f18-42e6-8949-624d108b6c24,安达宾馆,勐腊北路85号,21.48712,101.558784,4.2,0691-8129933,未发现关于西双版纳安达宾馆深夜周边安保、前台管理以及陌生人尾随或半夜敲门的相关负面评价。
a26978da-4f18-42e6-8949-624d108b6c24,多客连锁酒店(磨憨店),磨憨经济开发区曼纳汇部,21.194632,101.694078,3.4,0691-8812388,该酒店在深夜周边安保和前台管理方面存在一定的风险，建议女性旅行者入住时提高警惕。
a26978da-4f18-42e6-8949-624d108b6c24,勐腊福到酒店,大丰商贸城后面别墅槟榔路13-15,21.191839,101.693221,4.4,14788046267,勐腊福到酒店在深夜周边安保、前台管理和防止陌生人尾随或半夜敲门方面表现良好，未发现显著风险。
a26978da-4f18-42e6-8949-624d108b6c24,西双版纳勐腊心院民宿,曼龙勒村民小组东南侧100米,21.531624,101.599097,4.4,13887913692,基于当前可获取的信息，西双版纳勐腊心院民宿在深夜周边安保、前台管理和防止陌生人尾随或半夜敲门方面表现良好，未发现明显负面评价。
a26978da-4f18-42e6-8949-624d108b6c24,勐腊凯悦酒店,东盟大道附近,21.198733,101.699475,4.4,0691-8817888,勐腊凯悦酒店在深夜周边安保及前台管理方面没有明显的负面反馈，但存在一些关于房间清洁度和服务质量的投诉。
a26978da-4f18-42e6-8949-624d108b6c24,勐腊丽城主题酒店,中心路新城迪升华府1栋,21.457821,101.568878,4.6,0691-8135666,关于勐腊丽城主题酒店，没有直接发现与深夜周边安全、前台管理严谨性及陌生人尾随或半夜敲门相关的负面评价。但缺乏明确的正面反馈来证明这些方面无虞。
a26978da-4f18-42e6-8949-624d108b6c24,勐腊快果酒店,磨丁合作区景观路22幢,21.19145,101.689544,4.6,0691-8811699,基于现有信息，勐腊快果酒店在安全方面表现良好，未发现深夜安保问题、前台管理不严谨或陌生人尾随/半夜敲门的相关负面评价。
a26978da-4f18-42e6-8949-624d108b6c24,瑞景商务酒店,小磨高速路入口普阳物流城A幢,21.457756,101.570849,3.7,0691-8993666,根据当前收集到的信息，瑞景商务酒店在深夜周边安保、前台管理严谨性方面表现良好，未发现有陌生人尾随或半夜敲门的相关记录。
a26978da-4f18-42e6-8949-624d108b6c24,勐腊卫天大酒店,尚勇政府斜对面,21.241965,101.710751,4.4,0691-3089666,勐腊卫天大酒店整体安全情况良好，但存在轻微的硬件维护问题。
a26978da-4f18-42e6-8949-624d108b6c24,勐腊天奕大酒店,城北路93号口岸市场大门口旁,21.483585,101.562502,3.6,0691-8122902,未发现勐腊天奕大酒店有关深夜周边安保问题、前台管理疏忽或陌生人尾随/半夜敲门的负面评价。
a26978da-4f18-42e6-8949-624d108b6c24,南骏酒店(磨憨口岸店),东盟大道步行街,21.185792,101.686015,3.8,0691-8811777;19108585678,存在深夜周边安全顾虑及前台管理不够严谨的问题，建议入住时加强个人安全防范。
a26978da-4f18-42e6-8949-624d108b6c24,勐腊亚西泰酒店,勐腊镇民族路15号,21.461961,101.568982,4.4,0691-8160888,勐腊亚西泰酒店在深夜周边安保、前台管理方面未见明显负面反馈，但有提及房间内布局导致的空间局促感。
a26978da-4f18-42e6-8949-624d108b6c24,勐腊鑫海商务酒店,勐腊南路老海关背后鑫筑花园2栋101室,21.476327,101.568802,3.9,0691-8120333,勐腊鑫海商务酒店整体安全性较好，但存在个别关于前台服务态度的负面反馈。
a26978da-4f18-42e6-8949-624d108b6c24,勐腊豪丽公寓式酒店,勐腊镇新城社区民族路61号,21.461578,101.570284,4.5,0691-8128999,基于当前可获取的信息，勐腊豪丽公寓式酒店在深夜周边安保及前台管理方面表现良好，未发现有陌生人尾随或半夜敲门的负面记录。
a26978da-4f18-42e6-8949-624d108b6c24,宝石商务酒店,青年路延长线金都商贸城A5栋附108号,21.477648,101.57041,4.3,0691-8138888,宝石商务酒店整体安全状况尚可，但存在关于深夜周边环境的担忧。
a26978da-4f18-42e6-8949-624d108b6c24,水尚酒店(磨憨店),东盟大道421号,21.188745,101.689392,4.7,18088042965,该酒店存在较为严重的卫生与隔音问题，但未见直接提及深夜安保、前台管理松懈或陌生人尾随及半夜敲门的记录。
a26978da-4f18-42e6-8949-624d108b6c24,院子里民宿(热带植物园店),勐仑镇汽车站对面,21.934499,101.257094,4.7,13988168771,未发现关于深夜周边安保、前台管理不严谨以及陌生人尾随或半夜敲门的具体负面评价。
a26978da-4f18-42e6-8949-624d108b6c24,勐腊宣傣酒店,勐腊镇新城社区南路83号,21.476074,101.567975,3.6,0691-8167999;15087695789,勐腊宣傣酒店在深夜周边安保方面表现良好，但存在个别对前台管理的负面反馈。
a26978da-4f18-42e6-8949-624d108b6c24,勐腊凯城酒店,南腊新城B21幢1-9,21.460439,101.568376,4.7,13759147291,勐腊凯城酒店在深夜周边安保、前台管理严谨性方面表现良好，未发现有关陌生人尾随或半夜敲门的负面记录。
a26978da-4f18-42e6-8949-624d108b6c24,勐腊鑫桥商务酒店,勐腊北路73号,21.485371,101.560601,4.0,0691-8130088,勐腊鑫桥商务酒店在安全方面表现良好，未发现深夜周边安保问题、前台管理松懈或陌生人尾随及半夜敲门的相关负面评价。
a26978da-4f18-42e6-8949-624d108b6c24,和悦酒店(植物园店),勐仑镇兴仑路政府斜对面,21.935047,101.248361,4.0,15752336618;18692020717,基于现有信息，未发现关于深夜周边安保问题、前台管理不严谨或陌生人尾随/半夜敲门的负面评价。
a26978da-4f18-42e6-8949-624d108b6c24,佳缘宾馆(辉煌广场北),城南路345号,21.469652,101.56783,4.4,0691-8125068;13923724742,未找到关于佳缘宾馆(辉煌广场北)在西双版纳的具体负面评价信息，特别是深夜周边安保、前台管理和陌生人尾随或半夜敲门的相关记录。
a26978da-4f18-42e6-8949-624d108b6c24,印象大酒店(勐哈客运站店),勐捧镇勐哈村勐捧农场管委会旁,21.410709,101.3379,4.0,0691-3082269;15887632731,该酒店存在一定的安全管理问题，包括但不限于管理混乱和服务态度不佳，但未直接发现深夜周边安保问题或陌生人尾随、半夜敲门的具体记录。
a26978da-4f18-42e6-8949-624d108b6c24,勐腊大家酒店,勐腊正街95号,21.479542,101.565172,3.6,0691-3084888,未发现关于勐腊大家酒店在深夜周边安保、前台管理严谨性以及陌生人尾随或半夜敲门方面的负面评价。
a26978da-4f18-42e6-8949-624d108b6c24,勐腊根据地宾馆,曼庄路勐腊镇政府南150米,21.490836,101.570598,4.4,0691-8812999,勐腊根据地宾馆在深夜周边安保及前台管理方面表现良好，未发现有陌生人尾随或半夜敲门的相关记录。
a26978da-4f18-42e6-8949-624d108b6c24,豪瑞商务酒店,东盟大道,21.191505,101.692257,3.6,0691-8811899;18587018306,未找到关于豪瑞商务酒店的特定信息，无法基于现有数据进行安全审计。
a26978da-4f18-42e6-8949-624d108b6c24,勐腊诗澜酒店(南腊河星光夜市店),勐腊镇曼它拉路465号,21.485744,101.570349,4.6,0691-8711155,基于现有信息，勐腊诗澜酒店(南腊河星光夜市店)在深夜周边安保及前台管理方面表现良好，未发现陌生人尾随或半夜敲门等安全问题。
a26978da-4f18-42e6-8949-624d108b6c24,唯雅大酒店,勐满农场场部对面3-6层,21.394753,101.315628,5.0,17387496618,酒店在深夜安保方面没有直接负面评价，但存在一定的噪音问题和入住时间管理上的客户不满。
a26978da-4f18-42e6-8949-624d108b6c24,江南傣家商务酒店(勐腊磨憨镇店),磨憨镇尚勇正街2号,21.240146,101.711895,4.1,0691-8812555;0691-8821838;15706918919,根据现有信息，未发现江南傣家商务酒店(勐腊磨憨镇店)存在明显的安全问题报告。
a26978da-4f18-42e6-8949-624d108b6c24,九月九酒店,勐捧镇勐哈村委会东南方向50米,21.407272,101.337931,4.7,0691-8836988;13238611258,基于当前可获取的信息，关于九月九酒店的负面反馈较少涉及深夜周边安保问题及陌生人尾随或半夜敲门记录，但前台管理方面存在一些客户不满。
a26978da-4f18-42e6-8949-624d108b6c24,鑫顺酒店(磨憨磨丁经济合作区店),磨憨新街鑫顺酒店,21.204718,101.704672,5.0,0691-8856777,鑫顺酒店(磨憨磨丁经济合作区店)在安全方面表现良好，未发现严重的安全隐患。
a26978da-4f18-42e6-8949-624d108b6c24,阿莲雅·林栖雨林度假酒店(西双版纳勐腊县望天树景区店),望天树旅游开发有限公司,21.598164,101.587831,4.6,18206919093,"根据现有信息,阿莲雅·林栖雨林度假酒店在深夜周边安保、前台管理方面未发现明显问题，且无陌生人尾随或半夜敲门的相关记录。"
a26978da-4f18-42e6-8949-624d108b6c24,勐腊同兴茶院酒店,易武镇政府旁,21.978984,101.470984,4.5,13578125868;18206920009,基于现有信息，勐腊同兴茶院酒店在旅行安全方面表现良好，特别是深夜周边安保和前台管理上未发现明显问题。
a26978da-4f18-42e6-8949-624d108b6c24,华丰宾馆(星光夜市店),迎宾路22号(鑫筑华府1-108号),21.475953,101.564372,4.0,13378094689;15718708461,华丰宾馆(星光夜市店)在深夜周边安保方面表现较好，但存在对前台服务态度的投诉。
a26978da-4f18-42e6-8949-624d108b6c24,勐腊川腊宾馆,正街15号(文体城对面),21.480896,101.563872,4.7,18988102366,勐腊川腊宾馆整体安全情况较好，但存在对深夜周边环境的轻微担忧。
a26978da-4f18-42e6-8949-624d108b6c24,顺新缘宾馆(中科院热带植物园店),纳贺科路137号,21.933696,101.252233,4.0,0691-8715610;18206912136,顺新缘宾馆在深夜安保方面存在轻微风险，主要表现为有客人反映凌晨到达的其他客人可能影响睡眠质量。
a26978da-4f18-42e6-8949-624d108b6c24,勐腊宜尚商务酒店,勐腊镇北路218号,21.483867,101.562669,4.1,0691-3067899,根据现有信息，勐腊宜尚商务酒店在深夜周边安保及前台管理方面表现良好，未发现有关陌生人尾随或半夜敲门的负面记录。
a26978da-4f18-42e6-8949-624d108b6c24,勐腊棕园酒店,沿江路,21.932248,101.253879,3.8,15198432974,根据现有信息，未发现关于勐腊棕园酒店深夜周边安保、前台管理严谨性以及陌生人尾随或半夜敲门的相关负面评价。
a26978da-4f18-42e6-8949-624d108b6c24,和友民宿(高铁站店),勐腊镇曼纳伞村委会下龙茵213国道4092公里旁50米处,21.421137,101.584823,4.8,13398819076;18287109948,未发现有关深夜周边安保问题、前台管理疏忽或陌生人尾随/半夜敲门的具体负面评价。
a26978da-4f18-42e6-8949-624d108b6c24,翠馨园大酒店,勐仑镇馨园路32号,21.933189,101.25166,3.0,0691-8715711,未发现关于深夜周边安保、前台管理不严谨或陌生人尾随及半夜敲门的负面评价。
a26978da-4f18-42e6-8949-624d108b6c24,尚庭宾馆(雨林广场店),雨林大道150号,21.457737,101.565873,3.9,17639540847;19969197692,未能找到关于尚庭宾馆(雨林广场店)在携程、小红书及大众点评上的相关负面评价，特别是针对深夜周边安保、前台管理严谨性以及陌生人尾随或半夜敲门记录的具体信息。
a26978da-4f18-42e6-8949-624d108b6c24,丽鑫宾馆(西双版纳勐腊星光夜市店),勐腊南路303号,21.470111,101.56772,3.4,15288169947,未能找到关于丽鑫宾馆(西双版纳勐腊星光夜市店)的相关负面评价信息。
a26978da-4f18-42e6-8949-624d108b6c24,勐腊霞曦宾馆,勐仑老街(新政府对面),21.935587,101.24932,4.0,15331770988;15911791068,勐腊霞曦宾馆在安全方面表现良好，未发现关于深夜周边安保、前台管理不严谨或陌生人尾随及半夜敲门的相关负面评价。
a26978da-4f18-42e6-8949-624d108b6c24,勐腊银兴酒店,南囡路63号新城农贸巿场旁,21.450226,101.56417,4.2,0691-8936588,未发现勐腊银兴酒店存在深夜周边安保、前台管理不严谨或陌生人尾随/半夜敲门的相关负面评价。
a26978da-4f18-42e6-8949-624d108b6c24,勐腊朵亚酒店,勐仑镇(加油站对面),21.935528,101.248017,3.7,0691-8713688;13690137596,根据现有信息，勐腊朵亚酒店在深夜周边安保及前台管理严谨性方面没有直接相关的负面评价。然而，有用户反馈了关于卫生状况和服务态度的问题。
a26978da-4f18-42e6-8949-624d108b6c24,勐腊万豪商务酒店(磨憨火车站店),磨憨镇尚勇街34号,21.240006,101.713588,3.5,15313351906,勐腊万豪商务酒店(磨憨火车站店)存在一定的安全和管理隐患，尤其是房间隔音效果不佳及清洁维护方面的问题。
a26978da-4f18-42e6-8949-624d108b6c24,锦鑫商务宾馆,平安路79号,21.457261,101.56717,4.0,0691-8136868;13578102843,西双版纳俊豪温德姆酒店存在设计上的安全隐患，但未直接找到关于锦鑫商务宾馆的深夜周边安保或前台管理的具体负面评价。对于锦鑫商务宾馆，缺乏直接相关的深夜安全问题报告。
a26978da-4f18-42e6-8949-624d108b6c24,勐腊九洲宾馆,曼它拉路123号(勐腊协和医院旁),21.480978,101.565365,4.1,0691-8126886,勐腊九洲宾馆在深夜周边安保及前台管理方面未发现明显负面评价，整体安全性较高。
a26978da-4f18-42e6-8949-624d108b6c24,勐腊勐仑智能优居民宿,勐仑馨园路8号,21.934513,101.251038,4.2,13988176570,勐腊勐仑智能优居民宿整体安全情况良好，但有少数关于深夜周边环境的担忧以及对前台管理制度的小质疑。
a26978da-4f18-42e6-8949-624d108b6c24,勐腊新南疆宾馆,正街2号公安局对面,21.481537,101.563888,3.6,0691-8123877;0691-8129818,基于现有信息，勐腊新南疆宾馆在深夜周边安保及前台管理方面未发现明显问题。
a26978da-4f18-42e6-8949-624d108b6c24,磨憨迎利宾馆,东盟大道163号,21.18616,101.686273,4.5,0691-8811765,磨憨迎利宾馆整体评价较好，但存在轻微的隔音问题和因靠近国道可能带来的噪音影响。没有发现深夜周边安保、前台管理松懈或陌生人尾随/半夜敲门的相关负面记录。
a26978da-4f18-42e6-8949-624d108b6c24,勐腊鑫钰大酒店,勐腊北路铭城静御里5幢,21.489133,101.555739,2.9,0691-8162005;15287140927,勐腊鑫钰大酒店在深夜周边安保及前台管理方面未发现明显负面评价，整体安全性较高。
a26978da-4f18-42e6-8949-624d108b6c24,悦漫商务酒店,关累镇勐远老街汪医师诊所斜对面,21.65497,101.377243,4.5,14788013189,未找到关于悦漫商务酒店存在深夜周边安保问题、前台管理不严谨或陌生人尾随及半夜敲门的负面评价。
a26978da-4f18-42e6-8949-624d108b6c24,辉煌宾馆(西双版纳勐腊星光夜市店),勐腊南路45号(靠近辉煌广场),21.468032,101.567763,4.1,0691-3081288,基于现有信息，未发现关于辉煌宾馆(西双版纳勐腊星光夜市店)深夜周边安保问题、前台管理疏忽或陌生人尾随及半夜敲门的负面评价。
a26978da-4f18-42e6-8949-624d108b6c24,前哨宾馆,勐腊北街(靠近老蒋建材),21.486478,101.559492,4.9,0691-8121331;17787566066,基于现有信息，未发现关于前哨宾馆深夜周边安保问题、前台管理不严谨或陌生人尾随及半夜敲门的相关负面评价。
a26978da-4f18-42e6-8949-624d108b6c24,鸿文宾馆(植物园店),云南省西双版纳勐腊县勐仑镇直单位花园路28号在地图中查看,21.935495,101.24836,3.8,15974937507,未发现关于深夜周边安保问题、前台管理不严谨或陌生人尾随/半夜敲门的直接负面评价。
a26978da-4f18-42e6-8949-624d108b6c24,勐伴盛泰乐酒店,勐伴镇勐伴农村客运站向南约100米,21.732538,101.644746,5.0,0691-8871188,勐伴盛泰乐酒店存在一定的安全和隐私隐患，主要体现在房间隔音效果差以及有昆虫进入房间的情况。
a26978da-4f18-42e6-8949-624d108b6c24,勐腊景悦商务酒店,南腊新城3栋,21.459995,101.569751,3.5,0691-3068555;0691-8134555,根据现有信息，勐腊景悦商务酒店在安全方面表现良好，未发现关于深夜周边安保问题、前台管理不严谨或陌生人尾随及半夜敲门的负面评价。
a26978da-4f18-42e6-8949-624d108b6c24,圣客酒店(磨憨口岸店),磨憨镇和威天街康体养生中心2-27号,21.204484,101.704759,4.8,0691-8930588;13988959450,根据现有信息，圣客酒店(磨憨口岸店)在深夜周边安保及前台管理方面表现良好，未发现陌生人尾随或半夜敲门的记录。
a26978da-4f18-42e6-8949-624d108b6c24,金川宾馆(勐仑镇农村公路管理所南),勐仑鎮曼炸滨江路168号,21.93221,101.247906,3.1,17347059653,该酒店存在一定的安全风险，尤其是在深夜周边安保和前台管理方面有待加强。
a26978da-4f18-42e6-8949-624d108b6c24,傣香宾馆(翠馨园大酒店西),213国道南150米,21.933953,101.250221,3.6,15012151344,未发现关于傣香宾馆(翠馨园大酒店西)的深夜周边安保问题、前台管理不严谨或陌生人尾随及半夜敲门的具体负面评价。
a26978da-4f18-42e6-8949-624d108b6c24,勐腊金豪商务酒店,勐腊镇新城人街511号,21.452397,101.564177,3.6,0691-8162228;18306906314,勐腊金豪商务酒店在深夜周边安保、前台管理方面未发现明显负面评价，无陌生人尾随或半夜敲门的记录。
a26978da-4f18-42e6-8949-624d108b6c24,勐腊和顺宾馆,磨憨镇尚勇街政府旁,21.241294,101.710796,4.1,15706913848;18288050702,关于勐腊和顺宾馆深夜周边安保及前台管理的具体负面反馈较少，但缺乏详细评价以全面评估安全状况。
a26978da-4f18-42e6-8949-624d108b6c24,傣湘缘酒店,勐仑镇中国科学院西双版纳热带植物园,21.930636,101.237997,4.0,13398812477,未找到关于傣湘缘酒店的负面评价，特别是与深夜周边安保、前台管理严谨性以及陌生人尾随或半夜敲门相关的安全问题。
a26978da-4f18-42e6-8949-624d108b6c24,志翔宾馆(建材市场店),勐腊综合建材市场东北2门旁,21.486343,101.559619,3.9,17787566066,未找到关于志翔宾馆(建材市场店)的相关负面评价，特别是针对深夜周边安保、前台管理严谨性及陌生人尾随或半夜敲门的记录。
a26978da-4f18-42e6-8949-624d108b6c24,勐腊逸嘉酒店,易武镇往大丫口2公里处,21.994324,101.454733,4.6,13628819513;13649625766,勐腊逸嘉酒店在携程上的评价较好，未发现直接反映深夜周边安保问题、前台管理不严谨或陌生人尾随及半夜敲门的相关负面评价。
a26978da-4f18-42e6-8949-624d108b6c24,勐腊万豪酒店,171县道附近,21.407676,101.337454,4.7,0691-8838668,勐腊万豪酒店存在一定的安全风险，尤其是关于深夜周边安保和前台管理方面的问题。
a26978da-4f18-42e6-8949-624d108b6c24,勐腊新亚洲商务宾馆,勐腊镇勐腊客运站旁,21.457495,101.567232,2.6,0691-8121398;15087611824,勐腊新亚洲商务宾馆存在因位置偏僻导致的找寻困难及部分设施老化的问题，但未发现直接与旅行安全相关的严重负面评价。
a26978da-4f18-42e6-8949-624d108b6c24,汐阳民宿,勐仑镇G213勐腊农村商业银行西50米,21.933749,101.252179,3.5,18288059892;18787926598,根据现有信息，汐阳民宿在深夜周边安保、前台管理严谨性方面表现良好，未发现有关陌生人尾随或半夜敲门的负面记录。
a26978da-4f18-42e6-8949-624d108b6c24,勐腊乐达酒店,勐棒镇171县道勐哈加油站旁,21.407282,101.33772,3.3,18576784294;18869156478,勐腊乐达酒店存在一定的卫生和服务质量问题，但未发现直接与旅行安全相关的深夜安保或陌生人尾随等严重安全隐患。
a26978da-4f18-42e6-8949-624d108b6c24,富都大酒店(勐腊北路店),勐腊北路水果批发市场交警大队斜对面,21.489419,101.553417,4.8,0691-3068777,勐腊富都大酒店存在一定的住客体验问题，但未发现严重安全风险。
a26978da-4f18-42e6-8949-624d108b6c24,勐腊鑫利宾馆(西双版纳),曼它拉路582号,21.481186,101.568434,5.0,0691-8121068,勐腊鑫利宾馆整体安全情况良好，但有住客反映深夜周围环境较为安静需注意个人安全；前台服务态度获得好评，未发现陌生人尾随或半夜敲门记录。
a26978da-4f18-42e6-8949-624d108b6c24,勐腊家汇大酒店,磨憨无忧路天街,21.204959,101.704693,5.0,18308893037,勐腊家汇大酒店存在较为严重的卫生和服务质量问题，但未发现直接与深夜安保、前台管理严谨性或陌生人尾随/半夜敲门相关的负面记录。
a26978da-4f18-42e6-8949-624d108b6c24,勐腊鑫珠主题酒店,新城雨林大道26号建材市场对面,21.463034,101.567855,3.6,0691-8178789,基于现有信息，未发现关于勐腊鑫珠主题酒店在深夜周边安保、前台管理严谨性以及陌生人尾随或半夜敲门方面的负面评价。
a26978da-4f18-42e6-8949-624d108b6c24,勐腊财森大酒店,东盟大道748号,21.193366,101.693327,3.7,0691-3081777,根据现有信息，勐腊财森大酒店在深夜周边安保、前台管理方面未发现明显问题，且无陌生人尾随或半夜敲门的记录。
a26978da-4f18-42e6-8949-624d108b6c24,苏翔号易武大酒店,易武镇易武路段四娘兴盛号对面,21.984417,101.462407,3.2,0691-8745888;15752058089,未找到关于西双版纳苏翔号易武大酒店在携程、小红书、大众点评上的特定负面评价，特别是与深夜周边安保、前台管理严谨性及陌生人尾随或半夜敲门记录相关的评论。
a26978da-4f18-42e6-8949-624d108b6c24,勐腊广源宾馆,勐捧镇勐哈岔路口,21.407089,101.337352,4.0,0691-8836798;18988100856,根据当前可获取的信息，勐腊广源宾馆在深夜安全及前台管理方面表现较好，未发现有陌生人尾随或半夜敲门的负面记录。
a26978da-4f18-42e6-8949-624d108b6c24,西双版纳贵川大酒店,171县道与106乡道交叉口,21.29038,101.301494,4.5,0691-8851588;15969169995,西双版纳贵川大酒店在深夜周边安保方面没有明显的负面反馈，但存在前台管理和客房服务响应速度上的问题。
a26978da-4f18-42e6-8949-624d108b6c24,温水酒店,勐仑镇曼安寨子29号,21.911175,101.264025,4.7,19106993434,未发现与深夜周边安保、前台管理严谨性及陌生人尾随或半夜敲门相关的负面评价。
a26978da-4f18-42e6-8949-624d108b6c24,浙商客栈民宿(西双版纳傣族自治州店),磨憨经济开发区东盟大道客运站内,21.186662,101.688007,4.6,13187970768,该酒店存在明显的管理和服务问题，影响住客体验与安全感知。
a26978da-4f18-42e6-8949-624d108b6c24,湄澜大酒店(勐腊店),勐腊镇青年路55号党校内,21.477042,101.562316,3.7,18288012206;18988125256,根据现有信息，未发现湄澜大酒店(勐腊店)存在深夜周边安保问题、前台管理不严谨或有陌生人尾随及半夜敲门的相关负面评价。
a26978da-4f18-42e6-8949-624d108b6c24,馨苑宾馆(主街店),勐捧镇主街82号,21.450965,101.306255,4.6,15752342308,该酒店整体上未见重大安全问题报告，但存在部分关于深夜噪音和前台服务不一致的投诉。
a26978da-4f18-42e6-8949-624d108b6c24,勐腊丽豪商务酒店,磨憨镇尚勇正街尚勇镇政府东南40米,21.240865,101.711672,2.9,18088100841,勐腊丽豪商务酒店存在明显的卫生和服务质量问题，但未直接发现深夜安保或陌生人尾随等安全风险。
a26978da-4f18-42e6-8949-624d108b6c24,勐腊鸿宾商务酒店,219国道与勐仑立交交叉口西340米,21.929215,101.234254,3.5,0691-8713678;13988176616,基于当前可获取的信息，勐腊鸿宾商务酒店在深夜周边安保、前台管理和防止陌生人尾随或半夜敲门方面表现良好。
a26978da-4f18-42e6-8949-624d108b6c24,红来宾馆,勐仑镇勐醒村213国道旁人人乐超市斜对面,21.876954,101.375121,4.1,15198480981;18988199256,未发现关于红来宾馆深夜周边安保问题、前台管理不严谨或陌生人尾随及半夜敲门的负面评价。
a26978da-4f18-42e6-8949-624d108b6c24,嘉伟酒店,勐满镇大广村委会旁,21.290587,101.302051,4.3,13349663366,未发现关于嘉伟酒店的深夜周边安保问题、前台管理不严谨或陌生人尾随及半夜敲门的相关负面评价。
a26978da-4f18-42e6-8949-624d108b6c24,如佳酒店,曼它拉路10号,21.482097,101.564102,4.6,0691-8837777,未发现关于深夜周边安保问题、前台管理不严谨或陌生人尾随及半夜敲门的负面评价。
a26978da-4f18-42e6-8949-624d108b6c24,勐仑勤丰宾馆,勐仑镇,21.933873,101.255862,3.7,18908810338,根据当前信息，未发现关于勐仑勤丰宾馆在深夜周边安保、前台管理严谨性及陌生人尾随或半夜敲门方面的负面评价。
a26978da-4f18-42e6-8949-624d108b6c24,勐仑勤丰宾馆,勐仑镇,21.933873,101.255862,3.7,18908810338,根据现有信息，勐仑勤丰宾馆未发现明显关于深夜周边安保、前台管理以及陌生人尾随或半夜敲门的安全问题。
a26978da-4f18-42e6-8949-624d108b6c24,勐腊川江宾馆,气象路89号,21.479918,101.568845,2.4,13988181683,勐腊川江宾馆在深夜周边安保和前台管理方面没有发现明显负面评价，未见陌生人尾随或半夜敲门的相关记录。
a26978da-4f18-42e6-8949-624d108b6c24,勐腊朋来宾馆(兰磨线店),关累镇勐远老街,21.65584,101.376891,2.5,15812163111,根据现有信息，勐腊朋来宾馆在深夜周边安保及前台管理方面表现良好，未发现陌生人尾随或半夜敲门的负面记录。
a26978da-4f18-42e6-8949-624d108b6c24,隆程酒店(易武店),易武镇隆程酒店,21.987501,101.461319,4.0,15393821056;15924677313,该酒店存在前台管理不严谨及潜在的安全隐患。
a26978da-4f18-42e6-8949-624d108b6c24,麓枫美居酒店(西双版纳勐腊南腊河雨林大道店),平安路79号,21.456965,101.567193,4.8,0691-3082998;18822852506,根据当前可获取的信息，没有发现关于深夜周边安保问题、前台管理不严谨或陌生人尾随及半夜敲门的负面评价。
a26978da-4f18-42e6-8949-624d108b6c24,景易大酒店(易武镇店),易武路段仙女阁西北方向约50米处,21.986783,101.462134,3.1,0691-8745999;13708617644;15388804149,该酒店在深夜周边安保及前台管理方面存在一定的风险，但没有明确的陌生人尾随或半夜敲门记录。
a26978da-4f18-42e6-8949-624d108b6c24,芙蓉宾馆,勐仑镇兴仑路,21.93426,101.249064,3.4,18088112328;18306918183,芙蓉宾馆存在一定的安全风险，包括深夜周边环境不安全及前台管理不够严谨。
a26978da-4f18-42e6-8949-624d108b6c24,众馨宾馆(植物园店),沙腊路与219国道交叉口北60米,21.936377,101.247469,3.5,13398810882,存在一定的安全和服务质量问题，包括深夜周边环境不够安全、前台服务态度差。
a26978da-4f18-42e6-8949-624d108b6c24,龙八宾馆,勐腊正街57号腾龙广场内,21.480282,101.564091,3.4,0691-8121688;0691-8121788;15969183420,基于当前可获取的信息，关于西双版纳龙八宾馆的深夜周边安保、前台管理严谨性以及陌生人尾随或半夜敲门记录方面没有发现明显的负面评价。
a26978da-4f18-42e6-8949-624d108b6c24,勐腊慧荣宾馆,关累镇勐远老街,21.655533,101.377603,3.3,13988191155;18187492212,勐腊慧荣宾馆整体评价尚可，但存在关于深夜安全和前台管理的担忧。
a26978da-4f18-42e6-8949-624d108b6c24,洪渝宾馆,喀东线曼腊小学东北侧约110米,22.150589,101.470594,2.8,15287268628,未能找到关于西双版纳洪渝宾馆的具体负面评价信息，特别是关于深夜周边安保、前台管理和陌生人尾随或半夜敲门的记录。
a26978da-4f18-42e6-8949-624d108b6c24,亚太风情商务酒店,勐捧镇勐哈街道(勐哈汽车站西南400米),21.407068,101.337311,4.9,0691-8839555,基于现有信息，未发现关于深夜周边安保、前台管理不严谨或陌生人尾随及半夜敲门的具体负面评价。
a26978da-4f18-42e6-8949-624d108b6c24,曼瑟维拉酒店,勐满镇171县道铭诚商业广场2号楼,21.295843,101.301016,2.9,0691-8857888,根据现有信息，曼瑟维拉酒店在深夜周边安保及前台管理方面表现良好，未发现有关陌生人尾随或半夜敲门的具体负面评价。
a26978da-4f18-42e6-8949-624d108b6c24,卿诺商务酒店,兴仑路256号,21.934516,101.245713,5.0,0691-8715349,基于现有信息，卿诺商务酒店在深夜周边安保、前台管理严谨性方面表现良好，未发现陌生人尾随或半夜敲门的相关记录。
a26978da-4f18-42e6-8949-624d108b6c24,平卫酒店,曼庄村委会曼炸村62号附1号,21.486406,101.575895,4.0,0691-8120395;0691-8132939;15752313159,未找到关于平卫酒店的有效负面评价信息。
a26978da-4f18-42e6-8949-624d108b6c24,勐腊穗民宾馆,勐腊正街193号1楼,21.478675,101.566578,2.4,13578169486,勐腊穗民宾馆存在一定的安全隐患及管理上的疏漏，影响了住客体验。
a26978da-4f18-42e6-8949-624d108b6c24,三阁哩民宿(大学城路分店),勐仑镇城子村委会城子村四组50号,21.920599,101.242115,4.6,"15969183760;+861056320612,32141440",该民宿存在一定的安全隐患，尤其是位置偏僻可能导致的安全顾虑。
a26978da-4f18-42e6-8949-624d108b6c24,尚客酒店,迎宾路昆曼新天地1-1,21.475675,101.567256,4.2,0691-3038888;15368621819,尚客酒店在深夜周边安保、前台管理方面表现良好，未发现陌生人尾随或半夜敲门的相关记录。
a26978da-4f18-42e6-8949-624d108b6c24,豪鑫宾馆,康复路与213国道交叉口东北50米,21.93482,101.252507,4.3,18787929119,未找到关于豪鑫宾馆在深夜周边安保、前台管理严谨性以及陌生人尾随或半夜敲门的具体负面评价。
a26978da-4f18-42e6-8949-624d108b6c24,勐腊泰顺宾馆,曼它拉路725号,21.489927,101.571865,2.2,13619412235,基于现有信息，勐腊泰顺宾馆在深夜周边安保及前台管理方面表现良好，未发现有陌生人尾随或半夜敲门的相关记录。
a26978da-4f18-42e6-8949-624d108b6c24,银鑫宾馆,金鹿路8号,21.675429,101.136589,3.9,18787929958,未找到关于银鑫宾馆在携程、小红书或大众点评上的相关负面评价信息，特别是针对深夜周边安保、前台管理严谨性以及陌生人尾随或半夜敲门记录的具体反馈。
a26978da-4f18-42e6-8949-624d108b6c24,海盛酒店,城北路139号,21.496492,101.547264,4.0,0691-8120220,基于现有信息，未发现关于海盛酒店深夜周边安保问题、前台管理不严谨或陌生人尾随/半夜敲门的负面评价。
a26978da-4f18-42e6-8949-624d108b6c24,勐腊南腊宾馆,正解74号南腊广场内,21.478579,101.56676,3.6,0691-8128000,基于现有信息，勐腊南腊宾馆在深夜周边安保和前台管理方面表现较好，未发现明确的陌生人尾随或半夜敲门记录。
a26978da-4f18-42e6-8949-624d108b6c24,顺华宾馆,勐仑镇,21.935214,101.250563,1.6,[],基于当前可获取的信息，顺华宾馆在深夜周边安保及前台管理方面未发现明显问题，亦无陌生人尾随或半夜敲门的记录。
a26978da-4f18-42e6-8949-624d108b6c24,泰华宾馆,勐仑镇,21.933598,101.251153,3.0,18487929566,泰华宾馆存在一定的安全风险，尤其是深夜周边安保和前台管理方面的问题。
a26978da-4f18-42e6-8949-624d108b6c24,勐腊壹品人生民宿,勐腊镇补蚌村77号,21.600495,101.5862,4.4,13988199856,勐腊壹品人生民宿存在一定的安全隐患，尤其是在深夜周边安保以及前台管理方面有待加强。
a26978da-4f18-42e6-8949-624d108b6c24,鸿业宾馆,勐捧镇勐哈加油站旁,21.407562,101.338048,5.0,0691-8835998;18088045998,未发现关于深夜周边安保、前台管理严谨性以及陌生人尾随或半夜敲门的具体负面评价。
a26978da-4f18-42e6-8949-624d108b6c24,会盛宾馆,易武路边防派出所对面,21.979487,101.469439,5.0,[],基于现有信息，未发现关于会盛宾馆存在深夜周边安保问题、前台管理疏忽或陌生人尾随/半夜敲门等安全隐患的具体负面评价。
a26978da-4f18-42e6-8949-624d108b6c24,妙萌小周民宿(沙腊路2号分店),沙腊路妙萌民宿龙辉广场,21.93498,101.247526,4.7,"+861056320612,29262046",该民宿存在严重的卫生和服务问题，但未直接发现深夜安保及陌生人尾随或半夜敲门的具体记录。
a26978da-4f18-42e6-8949-624d108b6c24,铭捷酒店,平卫酒店东南侧90米,21.486001,101.576647,4.0,[],未找到关于铭捷酒店的深夜周边安保、前台管理不严谨或陌生人尾随及半夜敲门相关的负面评价。
a26978da-4f18-42e6-8949-624d108b6c24,勐腊世全宾馆,城北路139部队生活区对面,21.497962,101.545682,4.0,19969166061,勐腊世全宾馆存在一定的安全风险，包括深夜周边安保不足以及前台管理不够严谨。
a26978da-4f18-42e6-8949-624d108b6c24,鑫鑫宾馆(凤凰路店),磨憨经济开发区东盟大道凤凰路123号小商品市场C幢2楼,21.189991,101.691858,3.4,[],鑫鑫宾馆(凤凰路店)存在一些关于安全方面的担忧，尤其是夜间安保和前台管理方面的问题需要改进。
a26978da-4f18-42e6-8949-624d108b6c24,吉晶宾馆,勐腊南路82号,21.476395,101.567467,2.6,[],吉晶宾馆存在一定的安全隐患，主要体现在前台偶尔不在岗及空调噪音大，但未发现明确的深夜安保问题或陌生人骚扰记录。
